,day_of_week,hour_of_day,num_of_commits,owner,repo
0,0,0,0,lebinh,ngxtop
1,0,1,0,lebinh,ngxtop
2,0,2,0,lebinh,ngxtop
3,0,3,0,lebinh,ngxtop
4,0,4,0,lebinh,ngxtop
5,0,5,0,lebinh,ngxtop
6,0,6,0,lebinh,ngxtop
7,0,7,0,lebinh,ngxtop
8,0,8,0,lebinh,ngxtop
9,0,9,0,lebinh,ngxtop
10,0,10,0,lebinh,ngxtop
11,0,11,0,lebinh,ngxtop
12,0,12,0,lebinh,ngxtop
13,0,13,1,lebinh,ngxtop
14,0,14,0,lebinh,ngxtop
15,0,15,0,lebinh,ngxtop
16,0,16,0,lebinh,ngxtop
17,0,17,0,lebinh,ngxtop
18,0,18,0,lebinh,ngxtop
19,0,19,0,lebinh,ngxtop
20,0,20,0,lebinh,ngxtop
21,0,21,0,lebinh,ngxtop
22,0,22,0,lebinh,ngxtop
23,0,23,0,lebinh,ngxtop
24,1,0,1,lebinh,ngxtop
25,1,1,0,lebinh,ngxtop
26,1,2,0,lebinh,ngxtop
27,1,3,0,lebinh,ngxtop
28,1,4,0,lebinh,ngxtop
29,1,5,0,lebinh,ngxtop
30,1,6,0,lebinh,ngxtop
31,1,7,0,lebinh,ngxtop
32,1,8,0,lebinh,ngxtop
33,1,9,0,lebinh,ngxtop
34,1,10,0,lebinh,ngxtop
35,1,11,0,lebinh,ngxtop
36,1,12,0,lebinh,ngxtop
37,1,13,0,lebinh,ngxtop
38,1,14,0,lebinh,ngxtop
39,1,15,0,lebinh,ngxtop
40,1,16,0,lebinh,ngxtop
41,1,17,0,lebinh,ngxtop
42,1,18,0,lebinh,ngxtop
43,1,19,0,lebinh,ngxtop
44,1,20,1,lebinh,ngxtop
45,1,21,0,lebinh,ngxtop
46,1,22,1,lebinh,ngxtop
47,1,23,3,lebinh,ngxtop
48,2,0,3,lebinh,ngxtop
49,2,1,0,lebinh,ngxtop
50,2,2,0,lebinh,ngxtop
51,2,3,0,lebinh,ngxtop
52,2,4,0,lebinh,ngxtop
53,2,5,0,lebinh,ngxtop
54,2,6,0,lebinh,ngxtop
55,2,7,0,lebinh,ngxtop
56,2,8,0,lebinh,ngxtop
57,2,9,0,lebinh,ngxtop
58,2,10,0,lebinh,ngxtop
59,2,11,1,lebinh,ngxtop
60,2,12,1,lebinh,ngxtop
61,2,13,0,lebinh,ngxtop
62,2,14,0,lebinh,ngxtop
63,2,15,0,lebinh,ngxtop
64,2,16,0,lebinh,ngxtop
65,2,17,0,lebinh,ngxtop
66,2,18,0,lebinh,ngxtop
67,2,19,0,lebinh,ngxtop
68,2,20,0,lebinh,ngxtop
69,2,21,0,lebinh,ngxtop
70,2,22,0,lebinh,ngxtop
71,2,23,0,lebinh,ngxtop
72,3,0,0,lebinh,ngxtop
73,3,1,0,lebinh,ngxtop
74,3,2,0,lebinh,ngxtop
75,3,3,0,lebinh,ngxtop
76,3,4,0,lebinh,ngxtop
77,3,5,0,lebinh,ngxtop
78,3,6,0,lebinh,ngxtop
79,3,7,0,lebinh,ngxtop
80,3,8,0,lebinh,ngxtop
81,3,9,0,lebinh,ngxtop
82,3,10,1,lebinh,ngxtop
83,3,11,0,lebinh,ngxtop
84,3,12,0,lebinh,ngxtop
85,3,13,0,lebinh,ngxtop
86,3,14,1,lebinh,ngxtop
87,3,15,0,lebinh,ngxtop
88,3,16,0,lebinh,ngxtop
89,3,17,0,lebinh,ngxtop
90,3,18,0,lebinh,ngxtop
91,3,19,0,lebinh,ngxtop
92,3,20,0,lebinh,ngxtop
93,3,21,0,lebinh,ngxtop
94,3,22,0,lebinh,ngxtop
95,3,23,0,lebinh,ngxtop
96,4,0,0,lebinh,ngxtop
97,4,1,0,lebinh,ngxtop
98,4,2,0,lebinh,ngxtop
99,4,3,1,lebinh,ngxtop
100,4,4,0,lebinh,ngxtop
101,4,5,0,lebinh,ngxtop
102,4,6,0,lebinh,ngxtop
103,4,7,0,lebinh,ngxtop
104,4,8,0,lebinh,ngxtop
105,4,9,0,lebinh,ngxtop
106,4,10,0,lebinh,ngxtop
107,4,11,0,lebinh,ngxtop
108,4,12,0,lebinh,ngxtop
109,4,13,0,lebinh,ngxtop
110,4,14,0,lebinh,ngxtop
111,4,15,0,lebinh,ngxtop
112,4,16,0,lebinh,ngxtop
113,4,17,0,lebinh,ngxtop
114,4,18,0,lebinh,ngxtop
115,4,19,0,lebinh,ngxtop
116,4,20,0,lebinh,ngxtop
117,4,21,0,lebinh,ngxtop
118,4,22,0,lebinh,ngxtop
119,4,23,0,lebinh,ngxtop
120,5,0,0,lebinh,ngxtop
121,5,1,0,lebinh,ngxtop
122,5,2,0,lebinh,ngxtop
123,5,3,0,lebinh,ngxtop
124,5,4,0,lebinh,ngxtop
125,5,5,0,lebinh,ngxtop
126,5,6,0,lebinh,ngxtop
127,5,7,0,lebinh,ngxtop
128,5,8,0,lebinh,ngxtop
129,5,9,0,lebinh,ngxtop
130,5,10,0,lebinh,ngxtop
131,5,11,0,lebinh,ngxtop
132,5,12,0,lebinh,ngxtop
133,5,13,0,lebinh,ngxtop
134,5,14,0,lebinh,ngxtop
135,5,15,2,lebinh,ngxtop
136,5,16,0,lebinh,ngxtop
137,5,17,0,lebinh,ngxtop
138,5,18,2,lebinh,ngxtop
139,5,19,0,lebinh,ngxtop
140,5,20,3,lebinh,ngxtop
141,5,21,0,lebinh,ngxtop
142,5,22,1,lebinh,ngxtop
143,5,23,2,lebinh,ngxtop
144,6,0,0,lebinh,ngxtop
145,6,1,0,lebinh,ngxtop
146,6,2,0,lebinh,ngxtop
147,6,3,0,lebinh,ngxtop
148,6,4,0,lebinh,ngxtop
149,6,5,0,lebinh,ngxtop
150,6,6,0,lebinh,ngxtop
151,6,7,0,lebinh,ngxtop
152,6,8,0,lebinh,ngxtop
153,6,9,0,lebinh,ngxtop
154,6,10,0,lebinh,ngxtop
155,6,11,1,lebinh,ngxtop
156,6,12,0,lebinh,ngxtop
157,6,13,0,lebinh,ngxtop
158,6,14,0,lebinh,ngxtop
159,6,15,0,lebinh,ngxtop
160,6,16,0,lebinh,ngxtop
161,6,17,0,lebinh,ngxtop
162,6,18,1,lebinh,ngxtop
163,6,19,0,lebinh,ngxtop
164,6,20,0,lebinh,ngxtop
165,6,21,0,lebinh,ngxtop
166,6,22,1,lebinh,ngxtop
167,6,23,0,lebinh,ngxtop
0,0,0,0,IanLunn,Hover
1,0,1,0,IanLunn,Hover
2,0,2,0,IanLunn,Hover
3,0,3,0,IanLunn,Hover
4,0,4,0,IanLunn,Hover
5,0,5,0,IanLunn,Hover
6,0,6,0,IanLunn,Hover
7,0,7,0,IanLunn,Hover
8,0,8,0,IanLunn,Hover
9,0,9,0,IanLunn,Hover
10,0,10,0,IanLunn,Hover
11,0,11,0,IanLunn,Hover
12,0,12,0,IanLunn,Hover
13,0,13,1,IanLunn,Hover
14,0,14,0,IanLunn,Hover
15,0,15,4,IanLunn,Hover
16,0,16,0,IanLunn,Hover
17,0,17,0,IanLunn,Hover
18,0,18,1,IanLunn,Hover
19,0,19,0,IanLunn,Hover
20,0,20,0,IanLunn,Hover
21,0,21,0,IanLunn,Hover
22,0,22,0,IanLunn,Hover
23,0,23,0,IanLunn,Hover
24,1,0,0,IanLunn,Hover
25,1,1,0,IanLunn,Hover
26,1,2,0,IanLunn,Hover
27,1,3,0,IanLunn,Hover
28,1,4,0,IanLunn,Hover
29,1,5,0,IanLunn,Hover
30,1,6,0,IanLunn,Hover
31,1,7,0,IanLunn,Hover
32,1,8,0,IanLunn,Hover
33,1,9,0,IanLunn,Hover
34,1,10,2,IanLunn,Hover
35,1,11,2,IanLunn,Hover
36,1,12,0,IanLunn,Hover
37,1,13,0,IanLunn,Hover
38,1,14,0,IanLunn,Hover
39,1,15,1,IanLunn,Hover
40,1,16,1,IanLunn,Hover
41,1,17,1,IanLunn,Hover
42,1,18,0,IanLunn,Hover
43,1,19,1,IanLunn,Hover
44,1,20,1,IanLunn,Hover
45,1,21,0,IanLunn,Hover
46,1,22,0,IanLunn,Hover
47,1,23,0,IanLunn,Hover
48,2,0,0,IanLunn,Hover
49,2,1,0,IanLunn,Hover
50,2,2,0,IanLunn,Hover
51,2,3,0,IanLunn,Hover
52,2,4,0,IanLunn,Hover
53,2,5,0,IanLunn,Hover
54,2,6,0,IanLunn,Hover
55,2,7,0,IanLunn,Hover
56,2,8,0,IanLunn,Hover
57,2,9,1,IanLunn,Hover
58,2,10,0,IanLunn,Hover
59,2,11,1,IanLunn,Hover
60,2,12,1,IanLunn,Hover
61,2,13,0,IanLunn,Hover
62,2,14,3,IanLunn,Hover
63,2,15,2,IanLunn,Hover
64,2,16,1,IanLunn,Hover
65,2,17,0,IanLunn,Hover
66,2,18,0,IanLunn,Hover
67,2,19,2,IanLunn,Hover
68,2,20,0,IanLunn,Hover
69,2,21,0,IanLunn,Hover
70,2,22,1,IanLunn,Hover
71,2,23,0,IanLunn,Hover
72,3,0,0,IanLunn,Hover
73,3,1,0,IanLunn,Hover
74,3,2,0,IanLunn,Hover
75,3,3,0,IanLunn,Hover
76,3,4,0,IanLunn,Hover
77,3,5,0,IanLunn,Hover
78,3,6,0,IanLunn,Hover
79,3,7,0,IanLunn,Hover
80,3,8,0,IanLunn,Hover
81,3,9,0,IanLunn,Hover
82,3,10,1,IanLunn,Hover
83,3,11,1,IanLunn,Hover
84,3,12,1,IanLunn,Hover
85,3,13,0,IanLunn,Hover
86,3,14,2,IanLunn,Hover
87,3,15,1,IanLunn,Hover
88,3,16,5,IanLunn,Hover
89,3,17,2,IanLunn,Hover
90,3,18,4,IanLunn,Hover
91,3,19,1,IanLunn,Hover
92,3,20,1,IanLunn,Hover
93,3,21,0,IanLunn,Hover
94,3,22,0,IanLunn,Hover
95,3,23,0,IanLunn,Hover
96,4,0,0,IanLunn,Hover
97,4,1,1,IanLunn,Hover
98,4,2,0,IanLunn,Hover
99,4,3,0,IanLunn,Hover
100,4,4,0,IanLunn,Hover
101,4,5,0,IanLunn,Hover
102,4,6,1,IanLunn,Hover
103,4,7,0,IanLunn,Hover
104,4,8,0,IanLunn,Hover
105,4,9,1,IanLunn,Hover
106,4,10,0,IanLunn,Hover
107,4,11,1,IanLunn,Hover
108,4,12,0,IanLunn,Hover
109,4,13,2,IanLunn,Hover
110,4,14,2,IanLunn,Hover
111,4,15,3,IanLunn,Hover
112,4,16,2,IanLunn,Hover
113,4,17,0,IanLunn,Hover
114,4,18,0,IanLunn,Hover
115,4,19,0,IanLunn,Hover
116,4,20,1,IanLunn,Hover
117,4,21,0,IanLunn,Hover
118,4,22,2,IanLunn,Hover
119,4,23,2,IanLunn,Hover
120,5,0,0,IanLunn,Hover
121,5,1,0,IanLunn,Hover
122,5,2,0,IanLunn,Hover
123,5,3,0,IanLunn,Hover
124,5,4,0,IanLunn,Hover
125,5,5,0,IanLunn,Hover
126,5,6,0,IanLunn,Hover
127,5,7,0,IanLunn,Hover
128,5,8,0,IanLunn,Hover
129,5,9,0,IanLunn,Hover
130,5,10,2,IanLunn,Hover
131,5,11,0,IanLunn,Hover
132,5,12,1,IanLunn,Hover
133,5,13,0,IanLunn,Hover
134,5,14,0,IanLunn,Hover
135,5,15,2,IanLunn,Hover
136,5,16,0,IanLunn,Hover
137,5,17,0,IanLunn,Hover
138,5,18,0,IanLunn,Hover
139,5,19,0,IanLunn,Hover
140,5,20,0,IanLunn,Hover
141,5,21,1,IanLunn,Hover
142,5,22,0,IanLunn,Hover
143,5,23,0,IanLunn,Hover
144,6,0,1,IanLunn,Hover
145,6,1,0,IanLunn,Hover
146,6,2,0,IanLunn,Hover
147,6,3,0,IanLunn,Hover
148,6,4,0,IanLunn,Hover
149,6,5,0,IanLunn,Hover
150,6,6,0,IanLunn,Hover
151,6,7,0,IanLunn,Hover
152,6,8,0,IanLunn,Hover
153,6,9,0,IanLunn,Hover
154,6,10,2,IanLunn,Hover
155,6,11,0,IanLunn,Hover
156,6,12,0,IanLunn,Hover
157,6,13,0,IanLunn,Hover
158,6,14,0,IanLunn,Hover
159,6,15,0,IanLunn,Hover
160,6,16,0,IanLunn,Hover
161,6,17,0,IanLunn,Hover
162,6,18,0,IanLunn,Hover
163,6,19,0,IanLunn,Hover
164,6,20,0,IanLunn,Hover
165,6,21,0,IanLunn,Hover
166,6,22,0,IanLunn,Hover
167,6,23,3,IanLunn,Hover
0,0,0,7,eczarny,spectacle
1,0,1,2,eczarny,spectacle
2,0,2,1,eczarny,spectacle
3,0,3,0,eczarny,spectacle
4,0,4,0,eczarny,spectacle
5,0,5,0,eczarny,spectacle
6,0,6,0,eczarny,spectacle
7,0,7,0,eczarny,spectacle
8,0,8,0,eczarny,spectacle
9,0,9,0,eczarny,spectacle
10,0,10,0,eczarny,spectacle
11,0,11,0,eczarny,spectacle
12,0,12,5,eczarny,spectacle
13,0,13,5,eczarny,spectacle
14,0,14,7,eczarny,spectacle
15,0,15,5,eczarny,spectacle
16,0,16,6,eczarny,spectacle
17,0,17,5,eczarny,spectacle
18,0,18,4,eczarny,spectacle
19,0,19,3,eczarny,spectacle
20,0,20,8,eczarny,spectacle
21,0,21,4,eczarny,spectacle
22,0,22,15,eczarny,spectacle
23,0,23,5,eczarny,spectacle
24,1,0,3,eczarny,spectacle
25,1,1,1,eczarny,spectacle
26,1,2,0,eczarny,spectacle
27,1,3,0,eczarny,spectacle
28,1,4,0,eczarny,spectacle
29,1,5,0,eczarny,spectacle
30,1,6,0,eczarny,spectacle
31,1,7,0,eczarny,spectacle
32,1,8,0,eczarny,spectacle
33,1,9,1,eczarny,spectacle
34,1,10,5,eczarny,spectacle
35,1,11,6,eczarny,spectacle
36,1,12,1,eczarny,spectacle
37,1,13,6,eczarny,spectacle
38,1,14,5,eczarny,spectacle
39,1,15,10,eczarny,spectacle
40,1,16,5,eczarny,spectacle
41,1,17,7,eczarny,spectacle
42,1,18,2,eczarny,spectacle
43,1,19,4,eczarny,spectacle
44,1,20,4,eczarny,spectacle
45,1,21,5,eczarny,spectacle
46,1,22,5,eczarny,spectacle
47,1,23,10,eczarny,spectacle
48,2,0,1,eczarny,spectacle
49,2,1,0,eczarny,spectacle
50,2,2,0,eczarny,spectacle
51,2,3,0,eczarny,spectacle
52,2,4,0,eczarny,spectacle
53,2,5,0,eczarny,spectacle
54,2,6,0,eczarny,spectacle
55,2,7,1,eczarny,spectacle
56,2,8,0,eczarny,spectacle
57,2,9,2,eczarny,spectacle
58,2,10,4,eczarny,spectacle
59,2,11,3,eczarny,spectacle
60,2,12,5,eczarny,spectacle
61,2,13,4,eczarny,spectacle
62,2,14,4,eczarny,spectacle
63,2,15,1,eczarny,spectacle
64,2,16,2,eczarny,spectacle
65,2,17,7,eczarny,spectacle
66,2,18,5,eczarny,spectacle
67,2,19,7,eczarny,spectacle
68,2,20,4,eczarny,spectacle
69,2,21,9,eczarny,spectacle
70,2,22,11,eczarny,spectacle
71,2,23,12,eczarny,spectacle
72,3,0,5,eczarny,spectacle
73,3,1,1,eczarny,spectacle
74,3,2,0,eczarny,spectacle
75,3,3,0,eczarny,spectacle
76,3,4,0,eczarny,spectacle
77,3,5,0,eczarny,spectacle
78,3,6,0,eczarny,spectacle
79,3,7,0,eczarny,spectacle
80,3,8,1,eczarny,spectacle
81,3,9,1,eczarny,spectacle
82,3,10,5,eczarny,spectacle
83,3,11,4,eczarny,spectacle
84,3,12,6,eczarny,spectacle
85,3,13,7,eczarny,spectacle
86,3,14,3,eczarny,spectacle
87,3,15,1,eczarny,spectacle
88,3,16,8,eczarny,spectacle
89,3,17,6,eczarny,spectacle
90,3,18,4,eczarny,spectacle
91,3,19,10,eczarny,spectacle
92,3,20,7,eczarny,spectacle
93,3,21,7,eczarny,spectacle
94,3,22,10,eczarny,spectacle
95,3,23,9,eczarny,spectacle
96,4,0,9,eczarny,spectacle
97,4,1,3,eczarny,spectacle
98,4,2,0,eczarny,spectacle
99,4,3,0,eczarny,spectacle
100,4,4,0,eczarny,spectacle
101,4,5,0,eczarny,spectacle
102,4,6,0,eczarny,spectacle
103,4,7,0,eczarny,spectacle
104,4,8,0,eczarny,spectacle
105,4,9,2,eczarny,spectacle
106,4,10,3,eczarny,spectacle
107,4,11,6,eczarny,spectacle
108,4,12,5,eczarny,spectacle
109,4,13,3,eczarny,spectacle
110,4,14,0,eczarny,spectacle
111,4,15,3,eczarny,spectacle
112,4,16,3,eczarny,spectacle
113,4,17,7,eczarny,spectacle
114,4,18,4,eczarny,spectacle
115,4,19,7,eczarny,spectacle
116,4,20,16,eczarny,spectacle
117,4,21,24,eczarny,spectacle
118,4,22,9,eczarny,spectacle
119,4,23,7,eczarny,spectacle
120,5,0,13,eczarny,spectacle
121,5,1,0,eczarny,spectacle
122,5,2,0,eczarny,spectacle
123,5,3,0,eczarny,spectacle
124,5,4,0,eczarny,spectacle
125,5,5,0,eczarny,spectacle
126,5,6,0,eczarny,spectacle
127,5,7,0,eczarny,spectacle
128,5,8,1,eczarny,spectacle
129,5,9,0,eczarny,spectacle
130,5,10,0,eczarny,spectacle
131,5,11,11,eczarny,spectacle
132,5,12,2,eczarny,spectacle
133,5,13,0,eczarny,spectacle
134,5,14,7,eczarny,spectacle
135,5,15,1,eczarny,spectacle
136,5,16,2,eczarny,spectacle
137,5,17,4,eczarny,spectacle
138,5,18,2,eczarny,spectacle
139,5,19,3,eczarny,spectacle
140,5,20,1,eczarny,spectacle
141,5,21,2,eczarny,spectacle
142,5,22,2,eczarny,spectacle
143,5,23,3,eczarny,spectacle
144,6,0,1,eczarny,spectacle
145,6,1,2,eczarny,spectacle
146,6,2,1,eczarny,spectacle
147,6,3,0,eczarny,spectacle
148,6,4,0,eczarny,spectacle
149,6,5,0,eczarny,spectacle
150,6,6,0,eczarny,spectacle
151,6,7,0,eczarny,spectacle
152,6,8,0,eczarny,spectacle
153,6,9,0,eczarny,spectacle
154,6,10,0,eczarny,spectacle
155,6,11,0,eczarny,spectacle
156,6,12,2,eczarny,spectacle
157,6,13,6,eczarny,spectacle
158,6,14,7,eczarny,spectacle
159,6,15,8,eczarny,spectacle
160,6,16,14,eczarny,spectacle
161,6,17,7,eczarny,spectacle
162,6,18,4,eczarny,spectacle
163,6,19,3,eczarny,spectacle
164,6,20,9,eczarny,spectacle
165,6,21,8,eczarny,spectacle
166,6,22,9,eczarny,spectacle
167,6,23,5,eczarny,spectacle
0,0,0,1,JakeWharton,ViewPagerIndicator
1,0,1,8,JakeWharton,ViewPagerIndicator
2,0,2,6,JakeWharton,ViewPagerIndicator
3,0,3,1,JakeWharton,ViewPagerIndicator
4,0,4,0,JakeWharton,ViewPagerIndicator
5,0,5,0,JakeWharton,ViewPagerIndicator
6,0,6,0,JakeWharton,ViewPagerIndicator
7,0,7,0,JakeWharton,ViewPagerIndicator
8,0,8,0,JakeWharton,ViewPagerIndicator
9,0,9,0,JakeWharton,ViewPagerIndicator
10,0,10,0,JakeWharton,ViewPagerIndicator
11,0,11,0,JakeWharton,ViewPagerIndicator
12,0,12,0,JakeWharton,ViewPagerIndicator
13,0,13,0,JakeWharton,ViewPagerIndicator
14,0,14,0,JakeWharton,ViewPagerIndicator
15,0,15,0,JakeWharton,ViewPagerIndicator
16,0,16,0,JakeWharton,ViewPagerIndicator
17,0,17,2,JakeWharton,ViewPagerIndicator
18,0,18,0,JakeWharton,ViewPagerIndicator
19,0,19,1,JakeWharton,ViewPagerIndicator
20,0,20,1,JakeWharton,ViewPagerIndicator
21,0,21,12,JakeWharton,ViewPagerIndicator
22,0,22,1,JakeWharton,ViewPagerIndicator
23,0,23,0,JakeWharton,ViewPagerIndicator
24,1,0,0,JakeWharton,ViewPagerIndicator
25,1,1,0,JakeWharton,ViewPagerIndicator
26,1,2,0,JakeWharton,ViewPagerIndicator
27,1,3,0,JakeWharton,ViewPagerIndicator
28,1,4,0,JakeWharton,ViewPagerIndicator
29,1,5,0,JakeWharton,ViewPagerIndicator
30,1,6,0,JakeWharton,ViewPagerIndicator
31,1,7,0,JakeWharton,ViewPagerIndicator
32,1,8,0,JakeWharton,ViewPagerIndicator
33,1,9,0,JakeWharton,ViewPagerIndicator
34,1,10,1,JakeWharton,ViewPagerIndicator
35,1,11,2,JakeWharton,ViewPagerIndicator
36,1,12,0,JakeWharton,ViewPagerIndicator
37,1,13,0,JakeWharton,ViewPagerIndicator
38,1,14,2,JakeWharton,ViewPagerIndicator
39,1,15,2,JakeWharton,ViewPagerIndicator
40,1,16,0,JakeWharton,ViewPagerIndicator
41,1,17,0,JakeWharton,ViewPagerIndicator
42,1,18,0,JakeWharton,ViewPagerIndicator
43,1,19,1,JakeWharton,ViewPagerIndicator
44,1,20,1,JakeWharton,ViewPagerIndicator
45,1,21,1,JakeWharton,ViewPagerIndicator
46,1,22,1,JakeWharton,ViewPagerIndicator
47,1,23,1,JakeWharton,ViewPagerIndicator
48,2,0,2,JakeWharton,ViewPagerIndicator
49,2,1,0,JakeWharton,ViewPagerIndicator
50,2,2,0,JakeWharton,ViewPagerIndicator
51,2,3,0,JakeWharton,ViewPagerIndicator
52,2,4,0,JakeWharton,ViewPagerIndicator
53,2,5,0,JakeWharton,ViewPagerIndicator
54,2,6,0,JakeWharton,ViewPagerIndicator
55,2,7,1,JakeWharton,ViewPagerIndicator
56,2,8,0,JakeWharton,ViewPagerIndicator
57,2,9,0,JakeWharton,ViewPagerIndicator
58,2,10,1,JakeWharton,ViewPagerIndicator
59,2,11,1,JakeWharton,ViewPagerIndicator
60,2,12,0,JakeWharton,ViewPagerIndicator
61,2,13,0,JakeWharton,ViewPagerIndicator
62,2,14,0,JakeWharton,ViewPagerIndicator
63,2,15,0,JakeWharton,ViewPagerIndicator
64,2,16,3,JakeWharton,ViewPagerIndicator
65,2,17,2,JakeWharton,ViewPagerIndicator
66,2,18,0,JakeWharton,ViewPagerIndicator
67,2,19,2,JakeWharton,ViewPagerIndicator
68,2,20,7,JakeWharton,ViewPagerIndicator
69,2,21,1,JakeWharton,ViewPagerIndicator
70,2,22,7,JakeWharton,ViewPagerIndicator
71,2,23,2,JakeWharton,ViewPagerIndicator
72,3,0,0,JakeWharton,ViewPagerIndicator
73,3,1,0,JakeWharton,ViewPagerIndicator
74,3,2,0,JakeWharton,ViewPagerIndicator
75,3,3,0,JakeWharton,ViewPagerIndicator
76,3,4,0,JakeWharton,ViewPagerIndicator
77,3,5,0,JakeWharton,ViewPagerIndicator
78,3,6,0,JakeWharton,ViewPagerIndicator
79,3,7,2,JakeWharton,ViewPagerIndicator
80,3,8,1,JakeWharton,ViewPagerIndicator
81,3,9,2,JakeWharton,ViewPagerIndicator
82,3,10,1,JakeWharton,ViewPagerIndicator
83,3,11,1,JakeWharton,ViewPagerIndicator
84,3,12,0,JakeWharton,ViewPagerIndicator
85,3,13,1,JakeWharton,ViewPagerIndicator
86,3,14,1,JakeWharton,ViewPagerIndicator
87,3,15,1,JakeWharton,ViewPagerIndicator
88,3,16,0,JakeWharton,ViewPagerIndicator
89,3,17,3,JakeWharton,ViewPagerIndicator
90,3,18,0,JakeWharton,ViewPagerIndicator
91,3,19,0,JakeWharton,ViewPagerIndicator
92,3,20,2,JakeWharton,ViewPagerIndicator
93,3,21,8,JakeWharton,ViewPagerIndicator
94,3,22,0,JakeWharton,ViewPagerIndicator
95,3,23,1,JakeWharton,ViewPagerIndicator
96,4,0,1,JakeWharton,ViewPagerIndicator
97,4,1,0,JakeWharton,ViewPagerIndicator
98,4,2,0,JakeWharton,ViewPagerIndicator
99,4,3,0,JakeWharton,ViewPagerIndicator
100,4,4,0,JakeWharton,ViewPagerIndicator
101,4,5,0,JakeWharton,ViewPagerIndicator
102,4,6,0,JakeWharton,ViewPagerIndicator
103,4,7,0,JakeWharton,ViewPagerIndicator
104,4,8,0,JakeWharton,ViewPagerIndicator
105,4,9,1,JakeWharton,ViewPagerIndicator
106,4,10,0,JakeWharton,ViewPagerIndicator
107,4,11,3,JakeWharton,ViewPagerIndicator
108,4,12,5,JakeWharton,ViewPagerIndicator
109,4,13,8,JakeWharton,ViewPagerIndicator
110,4,14,0,JakeWharton,ViewPagerIndicator
111,4,15,4,JakeWharton,ViewPagerIndicator
112,4,16,2,JakeWharton,ViewPagerIndicator
113,4,17,8,JakeWharton,ViewPagerIndicator
114,4,18,0,JakeWharton,ViewPagerIndicator
115,4,19,0,JakeWharton,ViewPagerIndicator
116,4,20,3,JakeWharton,ViewPagerIndicator
117,4,21,0,JakeWharton,ViewPagerIndicator
118,4,22,3,JakeWharton,ViewPagerIndicator
119,4,23,4,JakeWharton,ViewPagerIndicator
120,5,0,1,JakeWharton,ViewPagerIndicator
121,5,1,11,JakeWharton,ViewPagerIndicator
122,5,2,1,JakeWharton,ViewPagerIndicator
123,5,3,0,JakeWharton,ViewPagerIndicator
124,5,4,0,JakeWharton,ViewPagerIndicator
125,5,5,0,JakeWharton,ViewPagerIndicator
126,5,6,0,JakeWharton,ViewPagerIndicator
127,5,7,0,JakeWharton,ViewPagerIndicator
128,5,8,1,JakeWharton,ViewPagerIndicator
129,5,9,2,JakeWharton,ViewPagerIndicator
130,5,10,3,JakeWharton,ViewPagerIndicator
131,5,11,5,JakeWharton,ViewPagerIndicator
132,5,12,3,JakeWharton,ViewPagerIndicator
133,5,13,2,JakeWharton,ViewPagerIndicator
134,5,14,3,JakeWharton,ViewPagerIndicator
135,5,15,4,JakeWharton,ViewPagerIndicator
136,5,16,2,JakeWharton,ViewPagerIndicator
137,5,17,1,JakeWharton,ViewPagerIndicator
138,5,18,1,JakeWharton,ViewPagerIndicator
139,5,19,1,JakeWharton,ViewPagerIndicator
140,5,20,0,JakeWharton,ViewPagerIndicator
141,5,21,0,JakeWharton,ViewPagerIndicator
142,5,22,0,JakeWharton,ViewPagerIndicator
143,5,23,0,JakeWharton,ViewPagerIndicator
144,6,0,4,JakeWharton,ViewPagerIndicator
145,6,1,5,JakeWharton,ViewPagerIndicator
146,6,2,3,JakeWharton,ViewPagerIndicator
147,6,3,0,JakeWharton,ViewPagerIndicator
148,6,4,1,JakeWharton,ViewPagerIndicator
149,6,5,0,JakeWharton,ViewPagerIndicator
150,6,6,0,JakeWharton,ViewPagerIndicator
151,6,7,0,JakeWharton,ViewPagerIndicator
152,6,8,0,JakeWharton,ViewPagerIndicator
153,6,9,0,JakeWharton,ViewPagerIndicator
154,6,10,0,JakeWharton,ViewPagerIndicator
155,6,11,0,JakeWharton,ViewPagerIndicator
156,6,12,1,JakeWharton,ViewPagerIndicator
157,6,13,0,JakeWharton,ViewPagerIndicator
158,6,14,0,JakeWharton,ViewPagerIndicator
159,6,15,0,JakeWharton,ViewPagerIndicator
160,6,16,0,JakeWharton,ViewPagerIndicator
161,6,17,7,JakeWharton,ViewPagerIndicator
162,6,18,9,JakeWharton,ViewPagerIndicator
163,6,19,1,JakeWharton,ViewPagerIndicator
164,6,20,2,JakeWharton,ViewPagerIndicator
165,6,21,1,JakeWharton,ViewPagerIndicator
166,6,22,0,JakeWharton,ViewPagerIndicator
167,6,23,0,JakeWharton,ViewPagerIndicator
0,0,0,0,rendrjs,rendr
1,0,1,1,rendrjs,rendr
2,0,2,0,rendrjs,rendr
3,0,3,0,rendrjs,rendr
4,0,4,0,rendrjs,rendr
5,0,5,0,rendrjs,rendr
6,0,6,0,rendrjs,rendr
7,0,7,0,rendrjs,rendr
8,0,8,1,rendrjs,rendr
9,0,9,3,rendrjs,rendr
10,0,10,2,rendrjs,rendr
11,0,11,0,rendrjs,rendr
12,0,12,1,rendrjs,rendr
13,0,13,2,rendrjs,rendr
14,0,14,2,rendrjs,rendr
15,0,15,2,rendrjs,rendr
16,0,16,0,rendrjs,rendr
17,0,17,5,rendrjs,rendr
18,0,18,2,rendrjs,rendr
19,0,19,6,rendrjs,rendr
20,0,20,7,rendrjs,rendr
21,0,21,3,rendrjs,rendr
22,0,22,5,rendrjs,rendr
23,0,23,0,rendrjs,rendr
24,1,0,2,rendrjs,rendr
25,1,1,1,rendrjs,rendr
26,1,2,2,rendrjs,rendr
27,1,3,1,rendrjs,rendr
28,1,4,0,rendrjs,rendr
29,1,5,0,rendrjs,rendr
30,1,6,0,rendrjs,rendr
31,1,7,2,rendrjs,rendr
32,1,8,1,rendrjs,rendr
33,1,9,7,rendrjs,rendr
34,1,10,6,rendrjs,rendr
35,1,11,18,rendrjs,rendr
36,1,12,15,rendrjs,rendr
37,1,13,21,rendrjs,rendr
38,1,14,16,rendrjs,rendr
39,1,15,17,rendrjs,rendr
40,1,16,9,rendrjs,rendr
41,1,17,10,rendrjs,rendr
42,1,18,10,rendrjs,rendr
43,1,19,5,rendrjs,rendr
44,1,20,9,rendrjs,rendr
45,1,21,12,rendrjs,rendr
46,1,22,3,rendrjs,rendr
47,1,23,5,rendrjs,rendr
48,2,0,3,rendrjs,rendr
49,2,1,3,rendrjs,rendr
50,2,2,2,rendrjs,rendr
51,2,3,0,rendrjs,rendr
52,2,4,0,rendrjs,rendr
53,2,5,0,rendrjs,rendr
54,2,6,0,rendrjs,rendr
55,2,7,2,rendrjs,rendr
56,2,8,1,rendrjs,rendr
57,2,9,3,rendrjs,rendr
58,2,10,9,rendrjs,rendr
59,2,11,11,rendrjs,rendr
60,2,12,12,rendrjs,rendr
61,2,13,18,rendrjs,rendr
62,2,14,11,rendrjs,rendr
63,2,15,15,rendrjs,rendr
64,2,16,16,rendrjs,rendr
65,2,17,24,rendrjs,rendr
66,2,18,18,rendrjs,rendr
67,2,19,3,rendrjs,rendr
68,2,20,3,rendrjs,rendr
69,2,21,3,rendrjs,rendr
70,2,22,8,rendrjs,rendr
71,2,23,1,rendrjs,rendr
72,3,0,3,rendrjs,rendr
73,3,1,0,rendrjs,rendr
74,3,2,0,rendrjs,rendr
75,3,3,0,rendrjs,rendr
76,3,4,0,rendrjs,rendr
77,3,5,0,rendrjs,rendr
78,3,6,0,rendrjs,rendr
79,3,7,0,rendrjs,rendr
80,3,8,0,rendrjs,rendr
81,3,9,9,rendrjs,rendr
82,3,10,10,rendrjs,rendr
83,3,11,18,rendrjs,rendr
84,3,12,11,rendrjs,rendr
85,3,13,14,rendrjs,rendr
86,3,14,16,rendrjs,rendr
87,3,15,8,rendrjs,rendr
88,3,16,15,rendrjs,rendr
89,3,17,20,rendrjs,rendr
90,3,18,5,rendrjs,rendr
91,3,19,9,rendrjs,rendr
92,3,20,11,rendrjs,rendr
93,3,21,3,rendrjs,rendr
94,3,22,7,rendrjs,rendr
95,3,23,5,rendrjs,rendr
96,4,0,4,rendrjs,rendr
97,4,1,3,rendrjs,rendr
98,4,2,1,rendrjs,rendr
99,4,3,3,rendrjs,rendr
100,4,4,2,rendrjs,rendr
101,4,5,0,rendrjs,rendr
102,4,6,0,rendrjs,rendr
103,4,7,0,rendrjs,rendr
104,4,8,5,rendrjs,rendr
105,4,9,6,rendrjs,rendr
106,4,10,10,rendrjs,rendr
107,4,11,25,rendrjs,rendr
108,4,12,13,rendrjs,rendr
109,4,13,12,rendrjs,rendr
110,4,14,13,rendrjs,rendr
111,4,15,13,rendrjs,rendr
112,4,16,16,rendrjs,rendr
113,4,17,14,rendrjs,rendr
114,4,18,19,rendrjs,rendr
115,4,19,11,rendrjs,rendr
116,4,20,8,rendrjs,rendr
117,4,21,4,rendrjs,rendr
118,4,22,1,rendrjs,rendr
119,4,23,9,rendrjs,rendr
120,5,0,0,rendrjs,rendr
121,5,1,0,rendrjs,rendr
122,5,2,2,rendrjs,rendr
123,5,3,0,rendrjs,rendr
124,5,4,2,rendrjs,rendr
125,5,5,0,rendrjs,rendr
126,5,6,0,rendrjs,rendr
127,5,7,0,rendrjs,rendr
128,5,8,1,rendrjs,rendr
129,5,9,4,rendrjs,rendr
130,5,10,25,rendrjs,rendr
131,5,11,24,rendrjs,rendr
132,5,12,20,rendrjs,rendr
133,5,13,16,rendrjs,rendr
134,5,14,14,rendrjs,rendr
135,5,15,19,rendrjs,rendr
136,5,16,21,rendrjs,rendr
137,5,17,17,rendrjs,rendr
138,5,18,5,rendrjs,rendr
139,5,19,5,rendrjs,rendr
140,5,20,2,rendrjs,rendr
141,5,21,2,rendrjs,rendr
142,5,22,0,rendrjs,rendr
143,5,23,2,rendrjs,rendr
144,6,0,4,rendrjs,rendr
145,6,1,4,rendrjs,rendr
146,6,2,3,rendrjs,rendr
147,6,3,0,rendrjs,rendr
148,6,4,0,rendrjs,rendr
149,6,5,1,rendrjs,rendr
150,6,6,1,rendrjs,rendr
151,6,7,0,rendrjs,rendr
152,6,8,0,rendrjs,rendr
153,6,9,5,rendrjs,rendr
154,6,10,5,rendrjs,rendr
155,6,11,2,rendrjs,rendr
156,6,12,10,rendrjs,rendr
157,6,13,3,rendrjs,rendr
158,6,14,7,rendrjs,rendr
159,6,15,2,rendrjs,rendr
160,6,16,0,rendrjs,rendr
161,6,17,3,rendrjs,rendr
162,6,18,1,rendrjs,rendr
163,6,19,2,rendrjs,rendr
164,6,20,3,rendrjs,rendr
165,6,21,3,rendrjs,rendr
166,6,22,3,rendrjs,rendr
167,6,23,0,rendrjs,rendr
0,0,0,4,inconshreveable,ngrok
1,0,1,5,inconshreveable,ngrok
2,0,2,0,inconshreveable,ngrok
3,0,3,0,inconshreveable,ngrok
4,0,4,0,inconshreveable,ngrok
5,0,5,0,inconshreveable,ngrok
6,0,6,0,inconshreveable,ngrok
7,0,7,1,inconshreveable,ngrok
8,0,8,0,inconshreveable,ngrok
9,0,9,0,inconshreveable,ngrok
10,0,10,0,inconshreveable,ngrok
11,0,11,0,inconshreveable,ngrok
12,0,12,1,inconshreveable,ngrok
13,0,13,0,inconshreveable,ngrok
14,0,14,5,inconshreveable,ngrok
15,0,15,2,inconshreveable,ngrok
16,0,16,0,inconshreveable,ngrok
17,0,17,5,inconshreveable,ngrok
18,0,18,1,inconshreveable,ngrok
19,0,19,3,inconshreveable,ngrok
20,0,20,2,inconshreveable,ngrok
21,0,21,1,inconshreveable,ngrok
22,0,22,1,inconshreveable,ngrok
23,0,23,1,inconshreveable,ngrok
24,1,0,0,inconshreveable,ngrok
25,1,1,1,inconshreveable,ngrok
26,1,2,0,inconshreveable,ngrok
27,1,3,0,inconshreveable,ngrok
28,1,4,0,inconshreveable,ngrok
29,1,5,0,inconshreveable,ngrok
30,1,6,0,inconshreveable,ngrok
31,1,7,0,inconshreveable,ngrok
32,1,8,0,inconshreveable,ngrok
33,1,9,1,inconshreveable,ngrok
34,1,10,0,inconshreveable,ngrok
35,1,11,2,inconshreveable,ngrok
36,1,12,5,inconshreveable,ngrok
37,1,13,3,inconshreveable,ngrok
38,1,14,6,inconshreveable,ngrok
39,1,15,2,inconshreveable,ngrok
40,1,16,1,inconshreveable,ngrok
41,1,17,1,inconshreveable,ngrok
42,1,18,3,inconshreveable,ngrok
43,1,19,2,inconshreveable,ngrok
44,1,20,0,inconshreveable,ngrok
45,1,21,0,inconshreveable,ngrok
46,1,22,1,inconshreveable,ngrok
47,1,23,2,inconshreveable,ngrok
48,2,0,0,inconshreveable,ngrok
49,2,1,1,inconshreveable,ngrok
50,2,2,0,inconshreveable,ngrok
51,2,3,0,inconshreveable,ngrok
52,2,4,0,inconshreveable,ngrok
53,2,5,0,inconshreveable,ngrok
54,2,6,0,inconshreveable,ngrok
55,2,7,0,inconshreveable,ngrok
56,2,8,2,inconshreveable,ngrok
57,2,9,0,inconshreveable,ngrok
58,2,10,7,inconshreveable,ngrok
59,2,11,3,inconshreveable,ngrok
60,2,12,6,inconshreveable,ngrok
61,2,13,1,inconshreveable,ngrok
62,2,14,1,inconshreveable,ngrok
63,2,15,4,inconshreveable,ngrok
64,2,16,3,inconshreveable,ngrok
65,2,17,4,inconshreveable,ngrok
66,2,18,1,inconshreveable,ngrok
67,2,19,2,inconshreveable,ngrok
68,2,20,1,inconshreveable,ngrok
69,2,21,2,inconshreveable,ngrok
70,2,22,2,inconshreveable,ngrok
71,2,23,1,inconshreveable,ngrok
72,3,0,3,inconshreveable,ngrok
73,3,1,4,inconshreveable,ngrok
74,3,2,1,inconshreveable,ngrok
75,3,3,0,inconshreveable,ngrok
76,3,4,0,inconshreveable,ngrok
77,3,5,0,inconshreveable,ngrok
78,3,6,0,inconshreveable,ngrok
79,3,7,0,inconshreveable,ngrok
80,3,8,1,inconshreveable,ngrok
81,3,9,2,inconshreveable,ngrok
82,3,10,1,inconshreveable,ngrok
83,3,11,1,inconshreveable,ngrok
84,3,12,1,inconshreveable,ngrok
85,3,13,4,inconshreveable,ngrok
86,3,14,4,inconshreveable,ngrok
87,3,15,1,inconshreveable,ngrok
88,3,16,0,inconshreveable,ngrok
89,3,17,2,inconshreveable,ngrok
90,3,18,4,inconshreveable,ngrok
91,3,19,2,inconshreveable,ngrok
92,3,20,4,inconshreveable,ngrok
93,3,21,3,inconshreveable,ngrok
94,3,22,1,inconshreveable,ngrok
95,3,23,0,inconshreveable,ngrok
96,4,0,2,inconshreveable,ngrok
97,4,1,2,inconshreveable,ngrok
98,4,2,1,inconshreveable,ngrok
99,4,3,0,inconshreveable,ngrok
100,4,4,0,inconshreveable,ngrok
101,4,5,0,inconshreveable,ngrok
102,4,6,0,inconshreveable,ngrok
103,4,7,0,inconshreveable,ngrok
104,4,8,0,inconshreveable,ngrok
105,4,9,1,inconshreveable,ngrok
106,4,10,1,inconshreveable,ngrok
107,4,11,2,inconshreveable,ngrok
108,4,12,3,inconshreveable,ngrok
109,4,13,3,inconshreveable,ngrok
110,4,14,3,inconshreveable,ngrok
111,4,15,3,inconshreveable,ngrok
112,4,16,4,inconshreveable,ngrok
113,4,17,1,inconshreveable,ngrok
114,4,18,9,inconshreveable,ngrok
115,4,19,2,inconshreveable,ngrok
116,4,20,4,inconshreveable,ngrok
117,4,21,6,inconshreveable,ngrok
118,4,22,0,inconshreveable,ngrok
119,4,23,1,inconshreveable,ngrok
120,5,0,0,inconshreveable,ngrok
121,5,1,3,inconshreveable,ngrok
122,5,2,1,inconshreveable,ngrok
123,5,3,0,inconshreveable,ngrok
124,5,4,0,inconshreveable,ngrok
125,5,5,0,inconshreveable,ngrok
126,5,6,0,inconshreveable,ngrok
127,5,7,0,inconshreveable,ngrok
128,5,8,2,inconshreveable,ngrok
129,5,9,1,inconshreveable,ngrok
130,5,10,2,inconshreveable,ngrok
131,5,11,2,inconshreveable,ngrok
132,5,12,0,inconshreveable,ngrok
133,5,13,3,inconshreveable,ngrok
134,5,14,1,inconshreveable,ngrok
135,5,15,3,inconshreveable,ngrok
136,5,16,3,inconshreveable,ngrok
137,5,17,3,inconshreveable,ngrok
138,5,18,2,inconshreveable,ngrok
139,5,19,3,inconshreveable,ngrok
140,5,20,1,inconshreveable,ngrok
141,5,21,5,inconshreveable,ngrok
142,5,22,7,inconshreveable,ngrok
143,5,23,4,inconshreveable,ngrok
144,6,0,4,inconshreveable,ngrok
145,6,1,8,inconshreveable,ngrok
146,6,2,2,inconshreveable,ngrok
147,6,3,0,inconshreveable,ngrok
148,6,4,0,inconshreveable,ngrok
149,6,5,0,inconshreveable,ngrok
150,6,6,0,inconshreveable,ngrok
151,6,7,0,inconshreveable,ngrok
152,6,8,0,inconshreveable,ngrok
153,6,9,3,inconshreveable,ngrok
154,6,10,2,inconshreveable,ngrok
155,6,11,5,inconshreveable,ngrok
156,6,12,2,inconshreveable,ngrok
157,6,13,0,inconshreveable,ngrok
158,6,14,1,inconshreveable,ngrok
159,6,15,1,inconshreveable,ngrok
160,6,16,0,inconshreveable,ngrok
161,6,17,2,inconshreveable,ngrok
162,6,18,0,inconshreveable,ngrok
163,6,19,3,inconshreveable,ngrok
164,6,20,1,inconshreveable,ngrok
165,6,21,9,inconshreveable,ngrok
166,6,22,2,inconshreveable,ngrok
167,6,23,1,inconshreveable,ngrok
0,0,0,3,madebymany,sir-trevor-js
1,0,1,1,madebymany,sir-trevor-js
2,0,2,0,madebymany,sir-trevor-js
3,0,3,0,madebymany,sir-trevor-js
4,0,4,0,madebymany,sir-trevor-js
5,0,5,0,madebymany,sir-trevor-js
6,0,6,0,madebymany,sir-trevor-js
7,0,7,0,madebymany,sir-trevor-js
8,0,8,0,madebymany,sir-trevor-js
9,0,9,3,madebymany,sir-trevor-js
10,0,10,3,madebymany,sir-trevor-js
11,0,11,0,madebymany,sir-trevor-js
12,0,12,1,madebymany,sir-trevor-js
13,0,13,3,madebymany,sir-trevor-js
14,0,14,4,madebymany,sir-trevor-js
15,0,15,3,madebymany,sir-trevor-js
16,0,16,1,madebymany,sir-trevor-js
17,0,17,0,madebymany,sir-trevor-js
18,0,18,1,madebymany,sir-trevor-js
19,0,19,0,madebymany,sir-trevor-js
20,0,20,0,madebymany,sir-trevor-js
21,0,21,0,madebymany,sir-trevor-js
22,0,22,1,madebymany,sir-trevor-js
23,0,23,0,madebymany,sir-trevor-js
24,1,0,1,madebymany,sir-trevor-js
25,1,1,0,madebymany,sir-trevor-js
26,1,2,0,madebymany,sir-trevor-js
27,1,3,0,madebymany,sir-trevor-js
28,1,4,0,madebymany,sir-trevor-js
29,1,5,0,madebymany,sir-trevor-js
30,1,6,0,madebymany,sir-trevor-js
31,1,7,0,madebymany,sir-trevor-js
32,1,8,3,madebymany,sir-trevor-js
33,1,9,9,madebymany,sir-trevor-js
34,1,10,7,madebymany,sir-trevor-js
35,1,11,18,madebymany,sir-trevor-js
36,1,12,18,madebymany,sir-trevor-js
37,1,13,8,madebymany,sir-trevor-js
38,1,14,17,madebymany,sir-trevor-js
39,1,15,29,madebymany,sir-trevor-js
40,1,16,20,madebymany,sir-trevor-js
41,1,17,22,madebymany,sir-trevor-js
42,1,18,16,madebymany,sir-trevor-js
43,1,19,1,madebymany,sir-trevor-js
44,1,20,0,madebymany,sir-trevor-js
45,1,21,3,madebymany,sir-trevor-js
46,1,22,2,madebymany,sir-trevor-js
47,1,23,4,madebymany,sir-trevor-js
48,2,0,0,madebymany,sir-trevor-js
49,2,1,0,madebymany,sir-trevor-js
50,2,2,1,madebymany,sir-trevor-js
51,2,3,2,madebymany,sir-trevor-js
52,2,4,0,madebymany,sir-trevor-js
53,2,5,0,madebymany,sir-trevor-js
54,2,6,0,madebymany,sir-trevor-js
55,2,7,0,madebymany,sir-trevor-js
56,2,8,0,madebymany,sir-trevor-js
57,2,9,6,madebymany,sir-trevor-js
58,2,10,6,madebymany,sir-trevor-js
59,2,11,20,madebymany,sir-trevor-js
60,2,12,19,madebymany,sir-trevor-js
61,2,13,10,madebymany,sir-trevor-js
62,2,14,21,madebymany,sir-trevor-js
63,2,15,19,madebymany,sir-trevor-js
64,2,16,21,madebymany,sir-trevor-js
65,2,17,23,madebymany,sir-trevor-js
66,2,18,8,madebymany,sir-trevor-js
67,2,19,11,madebymany,sir-trevor-js
68,2,20,3,madebymany,sir-trevor-js
69,2,21,1,madebymany,sir-trevor-js
70,2,22,0,madebymany,sir-trevor-js
71,2,23,0,madebymany,sir-trevor-js
72,3,0,0,madebymany,sir-trevor-js
73,3,1,0,madebymany,sir-trevor-js
74,3,2,0,madebymany,sir-trevor-js
75,3,3,0,madebymany,sir-trevor-js
76,3,4,0,madebymany,sir-trevor-js
77,3,5,0,madebymany,sir-trevor-js
78,3,6,0,madebymany,sir-trevor-js
79,3,7,0,madebymany,sir-trevor-js
80,3,8,0,madebymany,sir-trevor-js
81,3,9,3,madebymany,sir-trevor-js
82,3,10,19,madebymany,sir-trevor-js
83,3,11,45,madebymany,sir-trevor-js
84,3,12,22,madebymany,sir-trevor-js
85,3,13,5,madebymany,sir-trevor-js
86,3,14,8,madebymany,sir-trevor-js
87,3,15,22,madebymany,sir-trevor-js
88,3,16,17,madebymany,sir-trevor-js
89,3,17,29,madebymany,sir-trevor-js
90,3,18,7,madebymany,sir-trevor-js
91,3,19,3,madebymany,sir-trevor-js
92,3,20,2,madebymany,sir-trevor-js
93,3,21,7,madebymany,sir-trevor-js
94,3,22,4,madebymany,sir-trevor-js
95,3,23,2,madebymany,sir-trevor-js
96,4,0,2,madebymany,sir-trevor-js
97,4,1,0,madebymany,sir-trevor-js
98,4,2,0,madebymany,sir-trevor-js
99,4,3,0,madebymany,sir-trevor-js
100,4,4,0,madebymany,sir-trevor-js
101,4,5,0,madebymany,sir-trevor-js
102,4,6,0,madebymany,sir-trevor-js
103,4,7,1,madebymany,sir-trevor-js
104,4,8,1,madebymany,sir-trevor-js
105,4,9,9,madebymany,sir-trevor-js
106,4,10,7,madebymany,sir-trevor-js
107,4,11,10,madebymany,sir-trevor-js
108,4,12,21,madebymany,sir-trevor-js
109,4,13,6,madebymany,sir-trevor-js
110,4,14,9,madebymany,sir-trevor-js
111,4,15,12,madebymany,sir-trevor-js
112,4,16,28,madebymany,sir-trevor-js
113,4,17,34,madebymany,sir-trevor-js
114,4,18,10,madebymany,sir-trevor-js
115,4,19,1,madebymany,sir-trevor-js
116,4,20,0,madebymany,sir-trevor-js
117,4,21,0,madebymany,sir-trevor-js
118,4,22,1,madebymany,sir-trevor-js
119,4,23,1,madebymany,sir-trevor-js
120,5,0,3,madebymany,sir-trevor-js
121,5,1,1,madebymany,sir-trevor-js
122,5,2,0,madebymany,sir-trevor-js
123,5,3,0,madebymany,sir-trevor-js
124,5,4,0,madebymany,sir-trevor-js
125,5,5,0,madebymany,sir-trevor-js
126,5,6,0,madebymany,sir-trevor-js
127,5,7,1,madebymany,sir-trevor-js
128,5,8,1,madebymany,sir-trevor-js
129,5,9,2,madebymany,sir-trevor-js
130,5,10,14,madebymany,sir-trevor-js
131,5,11,19,madebymany,sir-trevor-js
132,5,12,19,madebymany,sir-trevor-js
133,5,13,14,madebymany,sir-trevor-js
134,5,14,9,madebymany,sir-trevor-js
135,5,15,14,madebymany,sir-trevor-js
136,5,16,11,madebymany,sir-trevor-js
137,5,17,19,madebymany,sir-trevor-js
138,5,18,6,madebymany,sir-trevor-js
139,5,19,3,madebymany,sir-trevor-js
140,5,20,2,madebymany,sir-trevor-js
141,5,21,2,madebymany,sir-trevor-js
142,5,22,0,madebymany,sir-trevor-js
143,5,23,1,madebymany,sir-trevor-js
144,6,0,1,madebymany,sir-trevor-js
145,6,1,5,madebymany,sir-trevor-js
146,6,2,0,madebymany,sir-trevor-js
147,6,3,0,madebymany,sir-trevor-js
148,6,4,0,madebymany,sir-trevor-js
149,6,5,0,madebymany,sir-trevor-js
150,6,6,0,madebymany,sir-trevor-js
151,6,7,0,madebymany,sir-trevor-js
152,6,8,2,madebymany,sir-trevor-js
153,6,9,2,madebymany,sir-trevor-js
154,6,10,4,madebymany,sir-trevor-js
155,6,11,2,madebymany,sir-trevor-js
156,6,12,1,madebymany,sir-trevor-js
157,6,13,3,madebymany,sir-trevor-js
158,6,14,0,madebymany,sir-trevor-js
159,6,15,1,madebymany,sir-trevor-js
160,6,16,0,madebymany,sir-trevor-js
161,6,17,1,madebymany,sir-trevor-js
162,6,18,0,madebymany,sir-trevor-js
163,6,19,0,madebymany,sir-trevor-js
164,6,20,1,madebymany,sir-trevor-js
165,6,21,0,madebymany,sir-trevor-js
166,6,22,5,madebymany,sir-trevor-js
167,6,23,2,madebymany,sir-trevor-js
0,0,0,0,jschr,bootstrap-modal
1,0,1,0,jschr,bootstrap-modal
2,0,2,0,jschr,bootstrap-modal
3,0,3,0,jschr,bootstrap-modal
4,0,4,0,jschr,bootstrap-modal
5,0,5,0,jschr,bootstrap-modal
6,0,6,0,jschr,bootstrap-modal
7,0,7,0,jschr,bootstrap-modal
8,0,8,0,jschr,bootstrap-modal
9,0,9,0,jschr,bootstrap-modal
10,0,10,0,jschr,bootstrap-modal
11,0,11,0,jschr,bootstrap-modal
12,0,12,0,jschr,bootstrap-modal
13,0,13,1,jschr,bootstrap-modal
14,0,14,0,jschr,bootstrap-modal
15,0,15,0,jschr,bootstrap-modal
16,0,16,0,jschr,bootstrap-modal
17,0,17,0,jschr,bootstrap-modal
18,0,18,0,jschr,bootstrap-modal
19,0,19,1,jschr,bootstrap-modal
20,0,20,0,jschr,bootstrap-modal
21,0,21,1,jschr,bootstrap-modal
22,0,22,0,jschr,bootstrap-modal
23,0,23,2,jschr,bootstrap-modal
24,1,0,0,jschr,bootstrap-modal
25,1,1,0,jschr,bootstrap-modal
26,1,2,0,jschr,bootstrap-modal
27,1,3,0,jschr,bootstrap-modal
28,1,4,1,jschr,bootstrap-modal
29,1,5,0,jschr,bootstrap-modal
30,1,6,0,jschr,bootstrap-modal
31,1,7,0,jschr,bootstrap-modal
32,1,8,7,jschr,bootstrap-modal
33,1,9,8,jschr,bootstrap-modal
34,1,10,4,jschr,bootstrap-modal
35,1,11,1,jschr,bootstrap-modal
36,1,12,0,jschr,bootstrap-modal
37,1,13,0,jschr,bootstrap-modal
38,1,14,0,jschr,bootstrap-modal
39,1,15,1,jschr,bootstrap-modal
40,1,16,1,jschr,bootstrap-modal
41,1,17,2,jschr,bootstrap-modal
42,1,18,0,jschr,bootstrap-modal
43,1,19,2,jschr,bootstrap-modal
44,1,20,0,jschr,bootstrap-modal
45,1,21,3,jschr,bootstrap-modal
46,1,22,6,jschr,bootstrap-modal
47,1,23,4,jschr,bootstrap-modal
48,2,0,1,jschr,bootstrap-modal
49,2,1,0,jschr,bootstrap-modal
50,2,2,0,jschr,bootstrap-modal
51,2,3,0,jschr,bootstrap-modal
52,2,4,0,jschr,bootstrap-modal
53,2,5,0,jschr,bootstrap-modal
54,2,6,0,jschr,bootstrap-modal
55,2,7,0,jschr,bootstrap-modal
56,2,8,0,jschr,bootstrap-modal
57,2,9,4,jschr,bootstrap-modal
58,2,10,15,jschr,bootstrap-modal
59,2,11,3,jschr,bootstrap-modal
60,2,12,1,jschr,bootstrap-modal
61,2,13,2,jschr,bootstrap-modal
62,2,14,2,jschr,bootstrap-modal
63,2,15,0,jschr,bootstrap-modal
64,2,16,2,jschr,bootstrap-modal
65,2,17,3,jschr,bootstrap-modal
66,2,18,2,jschr,bootstrap-modal
67,2,19,5,jschr,bootstrap-modal
68,2,20,4,jschr,bootstrap-modal
69,2,21,8,jschr,bootstrap-modal
70,2,22,0,jschr,bootstrap-modal
71,2,23,0,jschr,bootstrap-modal
72,3,0,0,jschr,bootstrap-modal
73,3,1,0,jschr,bootstrap-modal
74,3,2,0,jschr,bootstrap-modal
75,3,3,0,jschr,bootstrap-modal
76,3,4,0,jschr,bootstrap-modal
77,3,5,0,jschr,bootstrap-modal
78,3,6,0,jschr,bootstrap-modal
79,3,7,0,jschr,bootstrap-modal
80,3,8,2,jschr,bootstrap-modal
81,3,9,1,jschr,bootstrap-modal
82,3,10,4,jschr,bootstrap-modal
83,3,11,0,jschr,bootstrap-modal
84,3,12,0,jschr,bootstrap-modal
85,3,13,0,jschr,bootstrap-modal
86,3,14,3,jschr,bootstrap-modal
87,3,15,4,jschr,bootstrap-modal
88,3,16,4,jschr,bootstrap-modal
89,3,17,4,jschr,bootstrap-modal
90,3,18,2,jschr,bootstrap-modal
91,3,19,0,jschr,bootstrap-modal
92,3,20,3,jschr,bootstrap-modal
93,3,21,1,jschr,bootstrap-modal
94,3,22,0,jschr,bootstrap-modal
95,3,23,0,jschr,bootstrap-modal
96,4,0,2,jschr,bootstrap-modal
97,4,1,0,jschr,bootstrap-modal
98,4,2,0,jschr,bootstrap-modal
99,4,3,0,jschr,bootstrap-modal
100,4,4,0,jschr,bootstrap-modal
101,4,5,0,jschr,bootstrap-modal
102,4,6,0,jschr,bootstrap-modal
103,4,7,0,jschr,bootstrap-modal
104,4,8,1,jschr,bootstrap-modal
105,4,9,3,jschr,bootstrap-modal
106,4,10,3,jschr,bootstrap-modal
107,4,11,2,jschr,bootstrap-modal
108,4,12,2,jschr,bootstrap-modal
109,4,13,1,jschr,bootstrap-modal
110,4,14,0,jschr,bootstrap-modal
111,4,15,4,jschr,bootstrap-modal
112,4,16,0,jschr,bootstrap-modal
113,4,17,2,jschr,bootstrap-modal
114,4,18,1,jschr,bootstrap-modal
115,4,19,1,jschr,bootstrap-modal
116,4,20,1,jschr,bootstrap-modal
117,4,21,0,jschr,bootstrap-modal
118,4,22,0,jschr,bootstrap-modal
119,4,23,5,jschr,bootstrap-modal
120,5,0,1,jschr,bootstrap-modal
121,5,1,0,jschr,bootstrap-modal
122,5,2,0,jschr,bootstrap-modal
123,5,3,0,jschr,bootstrap-modal
124,5,4,0,jschr,bootstrap-modal
125,5,5,0,jschr,bootstrap-modal
126,5,6,0,jschr,bootstrap-modal
127,5,7,0,jschr,bootstrap-modal
128,5,8,2,jschr,bootstrap-modal
129,5,9,0,jschr,bootstrap-modal
130,5,10,2,jschr,bootstrap-modal
131,5,11,0,jschr,bootstrap-modal
132,5,12,0,jschr,bootstrap-modal
133,5,13,0,jschr,bootstrap-modal
134,5,14,4,jschr,bootstrap-modal
135,5,15,1,jschr,bootstrap-modal
136,5,16,4,jschr,bootstrap-modal
137,5,17,4,jschr,bootstrap-modal
138,5,18,0,jschr,bootstrap-modal
139,5,19,0,jschr,bootstrap-modal
140,5,20,0,jschr,bootstrap-modal
141,5,21,0,jschr,bootstrap-modal
142,5,22,0,jschr,bootstrap-modal
143,5,23,0,jschr,bootstrap-modal
144,6,0,0,jschr,bootstrap-modal
145,6,1,1,jschr,bootstrap-modal
146,6,2,0,jschr,bootstrap-modal
147,6,3,0,jschr,bootstrap-modal
148,6,4,0,jschr,bootstrap-modal
149,6,5,1,jschr,bootstrap-modal
150,6,6,0,jschr,bootstrap-modal
151,6,7,0,jschr,bootstrap-modal
152,6,8,0,jschr,bootstrap-modal
153,6,9,0,jschr,bootstrap-modal
154,6,10,0,jschr,bootstrap-modal
155,6,11,2,jschr,bootstrap-modal
156,6,12,0,jschr,bootstrap-modal
157,6,13,0,jschr,bootstrap-modal
158,6,14,2,jschr,bootstrap-modal
159,6,15,0,jschr,bootstrap-modal
160,6,16,3,jschr,bootstrap-modal
161,6,17,2,jschr,bootstrap-modal
162,6,18,0,jschr,bootstrap-modal
163,6,19,0,jschr,bootstrap-modal
164,6,20,0,jschr,bootstrap-modal
165,6,21,0,jschr,bootstrap-modal
166,6,22,0,jschr,bootstrap-modal
167,6,23,2,jschr,bootstrap-modal
0,0,0,17,carrierwaveuploader,carrierwave
1,0,1,4,carrierwaveuploader,carrierwave
2,0,2,1,carrierwaveuploader,carrierwave
3,0,3,2,carrierwaveuploader,carrierwave
4,0,4,0,carrierwaveuploader,carrierwave
5,0,5,0,carrierwaveuploader,carrierwave
6,0,6,0,carrierwaveuploader,carrierwave
7,0,7,0,carrierwaveuploader,carrierwave
8,0,8,4,carrierwaveuploader,carrierwave
9,0,9,3,carrierwaveuploader,carrierwave
10,0,10,6,carrierwaveuploader,carrierwave
11,0,11,7,carrierwaveuploader,carrierwave
12,0,12,5,carrierwaveuploader,carrierwave
13,0,13,15,carrierwaveuploader,carrierwave
14,0,14,11,carrierwaveuploader,carrierwave
15,0,15,8,carrierwaveuploader,carrierwave
16,0,16,4,carrierwaveuploader,carrierwave
17,0,17,10,carrierwaveuploader,carrierwave
18,0,18,23,carrierwaveuploader,carrierwave
19,0,19,15,carrierwaveuploader,carrierwave
20,0,20,27,carrierwaveuploader,carrierwave
21,0,21,11,carrierwaveuploader,carrierwave
22,0,22,5,carrierwaveuploader,carrierwave
23,0,23,4,carrierwaveuploader,carrierwave
24,1,0,5,carrierwaveuploader,carrierwave
25,1,1,0,carrierwaveuploader,carrierwave
26,1,2,0,carrierwaveuploader,carrierwave
27,1,3,0,carrierwaveuploader,carrierwave
28,1,4,0,carrierwaveuploader,carrierwave
29,1,5,3,carrierwaveuploader,carrierwave
30,1,6,0,carrierwaveuploader,carrierwave
31,1,7,0,carrierwaveuploader,carrierwave
32,1,8,7,carrierwaveuploader,carrierwave
33,1,9,12,carrierwaveuploader,carrierwave
34,1,10,21,carrierwaveuploader,carrierwave
35,1,11,11,carrierwaveuploader,carrierwave
36,1,12,6,carrierwaveuploader,carrierwave
37,1,13,6,carrierwaveuploader,carrierwave
38,1,14,12,carrierwaveuploader,carrierwave
39,1,15,5,carrierwaveuploader,carrierwave
40,1,16,8,carrierwaveuploader,carrierwave
41,1,17,5,carrierwaveuploader,carrierwave
42,1,18,9,carrierwaveuploader,carrierwave
43,1,19,21,carrierwaveuploader,carrierwave
44,1,20,6,carrierwaveuploader,carrierwave
45,1,21,13,carrierwaveuploader,carrierwave
46,1,22,13,carrierwaveuploader,carrierwave
47,1,23,10,carrierwaveuploader,carrierwave
48,2,0,3,carrierwaveuploader,carrierwave
49,2,1,5,carrierwaveuploader,carrierwave
50,2,2,3,carrierwaveuploader,carrierwave
51,2,3,0,carrierwaveuploader,carrierwave
52,2,4,1,carrierwaveuploader,carrierwave
53,2,5,0,carrierwaveuploader,carrierwave
54,2,6,0,carrierwaveuploader,carrierwave
55,2,7,4,carrierwaveuploader,carrierwave
56,2,8,15,carrierwaveuploader,carrierwave
57,2,9,7,carrierwaveuploader,carrierwave
58,2,10,15,carrierwaveuploader,carrierwave
59,2,11,11,carrierwaveuploader,carrierwave
60,2,12,11,carrierwaveuploader,carrierwave
61,2,13,8,carrierwaveuploader,carrierwave
62,2,14,11,carrierwaveuploader,carrierwave
63,2,15,9,carrierwaveuploader,carrierwave
64,2,16,20,carrierwaveuploader,carrierwave
65,2,17,3,carrierwaveuploader,carrierwave
66,2,18,12,carrierwaveuploader,carrierwave
67,2,19,9,carrierwaveuploader,carrierwave
68,2,20,10,carrierwaveuploader,carrierwave
69,2,21,5,carrierwaveuploader,carrierwave
70,2,22,25,carrierwaveuploader,carrierwave
71,2,23,24,carrierwaveuploader,carrierwave
72,3,0,4,carrierwaveuploader,carrierwave
73,3,1,6,carrierwaveuploader,carrierwave
74,3,2,0,carrierwaveuploader,carrierwave
75,3,3,0,carrierwaveuploader,carrierwave
76,3,4,0,carrierwaveuploader,carrierwave
77,3,5,1,carrierwaveuploader,carrierwave
78,3,6,1,carrierwaveuploader,carrierwave
79,3,7,2,carrierwaveuploader,carrierwave
80,3,8,8,carrierwaveuploader,carrierwave
81,3,9,11,carrierwaveuploader,carrierwave
82,3,10,7,carrierwaveuploader,carrierwave
83,3,11,17,carrierwaveuploader,carrierwave
84,3,12,15,carrierwaveuploader,carrierwave
85,3,13,9,carrierwaveuploader,carrierwave
86,3,14,22,carrierwaveuploader,carrierwave
87,3,15,30,carrierwaveuploader,carrierwave
88,3,16,24,carrierwaveuploader,carrierwave
89,3,17,19,carrierwaveuploader,carrierwave
90,3,18,16,carrierwaveuploader,carrierwave
91,3,19,3,carrierwaveuploader,carrierwave
92,3,20,7,carrierwaveuploader,carrierwave
93,3,21,22,carrierwaveuploader,carrierwave
94,3,22,28,carrierwaveuploader,carrierwave
95,3,23,22,carrierwaveuploader,carrierwave
96,4,0,7,carrierwaveuploader,carrierwave
97,4,1,7,carrierwaveuploader,carrierwave
98,4,2,1,carrierwaveuploader,carrierwave
99,4,3,0,carrierwaveuploader,carrierwave
100,4,4,0,carrierwaveuploader,carrierwave
101,4,5,1,carrierwaveuploader,carrierwave
102,4,6,0,carrierwaveuploader,carrierwave
103,4,7,4,carrierwaveuploader,carrierwave
104,4,8,8,carrierwaveuploader,carrierwave
105,4,9,18,carrierwaveuploader,carrierwave
106,4,10,15,carrierwaveuploader,carrierwave
107,4,11,19,carrierwaveuploader,carrierwave
108,4,12,19,carrierwaveuploader,carrierwave
109,4,13,17,carrierwaveuploader,carrierwave
110,4,14,20,carrierwaveuploader,carrierwave
111,4,15,33,carrierwaveuploader,carrierwave
112,4,16,25,carrierwaveuploader,carrierwave
113,4,17,25,carrierwaveuploader,carrierwave
114,4,18,12,carrierwaveuploader,carrierwave
115,4,19,6,carrierwaveuploader,carrierwave
116,4,20,6,carrierwaveuploader,carrierwave
117,4,21,19,carrierwaveuploader,carrierwave
118,4,22,26,carrierwaveuploader,carrierwave
119,4,23,27,carrierwaveuploader,carrierwave
120,5,0,8,carrierwaveuploader,carrierwave
121,5,1,3,carrierwaveuploader,carrierwave
122,5,2,0,carrierwaveuploader,carrierwave
123,5,3,1,carrierwaveuploader,carrierwave
124,5,4,0,carrierwaveuploader,carrierwave
125,5,5,0,carrierwaveuploader,carrierwave
126,5,6,1,carrierwaveuploader,carrierwave
127,5,7,1,carrierwaveuploader,carrierwave
128,5,8,4,carrierwaveuploader,carrierwave
129,5,9,10,carrierwaveuploader,carrierwave
130,5,10,13,carrierwaveuploader,carrierwave
131,5,11,20,carrierwaveuploader,carrierwave
132,5,12,13,carrierwaveuploader,carrierwave
133,5,13,17,carrierwaveuploader,carrierwave
134,5,14,14,carrierwaveuploader,carrierwave
135,5,15,21,carrierwaveuploader,carrierwave
136,5,16,12,carrierwaveuploader,carrierwave
137,5,17,22,carrierwaveuploader,carrierwave
138,5,18,11,carrierwaveuploader,carrierwave
139,5,19,13,carrierwaveuploader,carrierwave
140,5,20,8,carrierwaveuploader,carrierwave
141,5,21,9,carrierwaveuploader,carrierwave
142,5,22,10,carrierwaveuploader,carrierwave
143,5,23,20,carrierwaveuploader,carrierwave
144,6,0,6,carrierwaveuploader,carrierwave
145,6,1,7,carrierwaveuploader,carrierwave
146,6,2,1,carrierwaveuploader,carrierwave
147,6,3,7,carrierwaveuploader,carrierwave
148,6,4,0,carrierwaveuploader,carrierwave
149,6,5,0,carrierwaveuploader,carrierwave
150,6,6,1,carrierwaveuploader,carrierwave
151,6,7,1,carrierwaveuploader,carrierwave
152,6,8,2,carrierwaveuploader,carrierwave
153,6,9,4,carrierwaveuploader,carrierwave
154,6,10,11,carrierwaveuploader,carrierwave
155,6,11,16,carrierwaveuploader,carrierwave
156,6,12,13,carrierwaveuploader,carrierwave
157,6,13,11,carrierwaveuploader,carrierwave
158,6,14,17,carrierwaveuploader,carrierwave
159,6,15,18,carrierwaveuploader,carrierwave
160,6,16,17,carrierwaveuploader,carrierwave
161,6,17,16,carrierwaveuploader,carrierwave
162,6,18,9,carrierwaveuploader,carrierwave
163,6,19,12,carrierwaveuploader,carrierwave
164,6,20,5,carrierwaveuploader,carrierwave
165,6,21,5,carrierwaveuploader,carrierwave
166,6,22,11,carrierwaveuploader,carrierwave
167,6,23,8,carrierwaveuploader,carrierwave
0,0,0,12,jquery,jquery-ui
1,0,1,18,jquery,jquery-ui
2,0,2,14,jquery,jquery-ui
3,0,3,10,jquery,jquery-ui
4,0,4,6,jquery,jquery-ui
5,0,5,17,jquery,jquery-ui
6,0,6,12,jquery,jquery-ui
7,0,7,9,jquery,jquery-ui
8,0,8,9,jquery,jquery-ui
9,0,9,20,jquery,jquery-ui
10,0,10,6,jquery,jquery-ui
11,0,11,22,jquery,jquery-ui
12,0,12,34,jquery,jquery-ui
13,0,13,17,jquery,jquery-ui
14,0,14,30,jquery,jquery-ui
15,0,15,38,jquery,jquery-ui
16,0,16,25,jquery,jquery-ui
17,0,17,33,jquery,jquery-ui
18,0,18,30,jquery,jquery-ui
19,0,19,26,jquery,jquery-ui
20,0,20,39,jquery,jquery-ui
21,0,21,33,jquery,jquery-ui
22,0,22,18,jquery,jquery-ui
23,0,23,21,jquery,jquery-ui
24,1,0,11,jquery,jquery-ui
25,1,1,15,jquery,jquery-ui
26,1,2,26,jquery,jquery-ui
27,1,3,14,jquery,jquery-ui
28,1,4,8,jquery,jquery-ui
29,1,5,12,jquery,jquery-ui
30,1,6,15,jquery,jquery-ui
31,1,7,16,jquery,jquery-ui
32,1,8,60,jquery,jquery-ui
33,1,9,66,jquery,jquery-ui
34,1,10,74,jquery,jquery-ui
35,1,11,67,jquery,jquery-ui
36,1,12,65,jquery,jquery-ui
37,1,13,64,jquery,jquery-ui
38,1,14,92,jquery,jquery-ui
39,1,15,82,jquery,jquery-ui
40,1,16,56,jquery,jquery-ui
41,1,17,46,jquery,jquery-ui
42,1,18,49,jquery,jquery-ui
43,1,19,47,jquery,jquery-ui
44,1,20,60,jquery,jquery-ui
45,1,21,59,jquery,jquery-ui
46,1,22,46,jquery,jquery-ui
47,1,23,46,jquery,jquery-ui
48,2,0,32,jquery,jquery-ui
49,2,1,26,jquery,jquery-ui
50,2,2,28,jquery,jquery-ui
51,2,3,6,jquery,jquery-ui
52,2,4,19,jquery,jquery-ui
53,2,5,18,jquery,jquery-ui
54,2,6,20,jquery,jquery-ui
55,2,7,23,jquery,jquery-ui
56,2,8,77,jquery,jquery-ui
57,2,9,84,jquery,jquery-ui
58,2,10,86,jquery,jquery-ui
59,2,11,58,jquery,jquery-ui
60,2,12,61,jquery,jquery-ui
61,2,13,82,jquery,jquery-ui
62,2,14,88,jquery,jquery-ui
63,2,15,80,jquery,jquery-ui
64,2,16,82,jquery,jquery-ui
65,2,17,36,jquery,jquery-ui
66,2,18,51,jquery,jquery-ui
67,2,19,36,jquery,jquery-ui
68,2,20,46,jquery,jquery-ui
69,2,21,51,jquery,jquery-ui
70,2,22,57,jquery,jquery-ui
71,2,23,31,jquery,jquery-ui
72,3,0,32,jquery,jquery-ui
73,3,1,38,jquery,jquery-ui
74,3,2,23,jquery,jquery-ui
75,3,3,19,jquery,jquery-ui
76,3,4,17,jquery,jquery-ui
77,3,5,13,jquery,jquery-ui
78,3,6,7,jquery,jquery-ui
79,3,7,13,jquery,jquery-ui
80,3,8,66,jquery,jquery-ui
81,3,9,64,jquery,jquery-ui
82,3,10,93,jquery,jquery-ui
83,3,11,73,jquery,jquery-ui
84,3,12,52,jquery,jquery-ui
85,3,13,69,jquery,jquery-ui
86,3,14,57,jquery,jquery-ui
87,3,15,72,jquery,jquery-ui
88,3,16,61,jquery,jquery-ui
89,3,17,48,jquery,jquery-ui
90,3,18,65,jquery,jquery-ui
91,3,19,69,jquery,jquery-ui
92,3,20,46,jquery,jquery-ui
93,3,21,46,jquery,jquery-ui
94,3,22,79,jquery,jquery-ui
95,3,23,54,jquery,jquery-ui
96,4,0,47,jquery,jquery-ui
97,4,1,34,jquery,jquery-ui
98,4,2,34,jquery,jquery-ui
99,4,3,23,jquery,jquery-ui
100,4,4,16,jquery,jquery-ui
101,4,5,35,jquery,jquery-ui
102,4,6,20,jquery,jquery-ui
103,4,7,15,jquery,jquery-ui
104,4,8,27,jquery,jquery-ui
105,4,9,89,jquery,jquery-ui
106,4,10,83,jquery,jquery-ui
107,4,11,69,jquery,jquery-ui
108,4,12,67,jquery,jquery-ui
109,4,13,72,jquery,jquery-ui
110,4,14,78,jquery,jquery-ui
111,4,15,79,jquery,jquery-ui
112,4,16,60,jquery,jquery-ui
113,4,17,48,jquery,jquery-ui
114,4,18,39,jquery,jquery-ui
115,4,19,55,jquery,jquery-ui
116,4,20,62,jquery,jquery-ui
117,4,21,67,jquery,jquery-ui
118,4,22,53,jquery,jquery-ui
119,4,23,36,jquery,jquery-ui
120,5,0,65,jquery,jquery-ui
121,5,1,21,jquery,jquery-ui
122,5,2,23,jquery,jquery-ui
123,5,3,26,jquery,jquery-ui
124,5,4,26,jquery,jquery-ui
125,5,5,19,jquery,jquery-ui
126,5,6,17,jquery,jquery-ui
127,5,7,20,jquery,jquery-ui
128,5,8,36,jquery,jquery-ui
129,5,9,65,jquery,jquery-ui
130,5,10,93,jquery,jquery-ui
131,5,11,65,jquery,jquery-ui
132,5,12,58,jquery,jquery-ui
133,5,13,79,jquery,jquery-ui
134,5,14,54,jquery,jquery-ui
135,5,15,64,jquery,jquery-ui
136,5,16,65,jquery,jquery-ui
137,5,17,48,jquery,jquery-ui
138,5,18,48,jquery,jquery-ui
139,5,19,46,jquery,jquery-ui
140,5,20,45,jquery,jquery-ui
141,5,21,27,jquery,jquery-ui
142,5,22,34,jquery,jquery-ui
143,5,23,21,jquery,jquery-ui
144,6,0,20,jquery,jquery-ui
145,6,1,23,jquery,jquery-ui
146,6,2,27,jquery,jquery-ui
147,6,3,17,jquery,jquery-ui
148,6,4,24,jquery,jquery-ui
149,6,5,15,jquery,jquery-ui
150,6,6,11,jquery,jquery-ui
151,6,7,12,jquery,jquery-ui
152,6,8,19,jquery,jquery-ui
153,6,9,11,jquery,jquery-ui
154,6,10,23,jquery,jquery-ui
155,6,11,26,jquery,jquery-ui
156,6,12,39,jquery,jquery-ui
157,6,13,32,jquery,jquery-ui
158,6,14,53,jquery,jquery-ui
159,6,15,60,jquery,jquery-ui
160,6,16,42,jquery,jquery-ui
161,6,17,60,jquery,jquery-ui
162,6,18,20,jquery,jquery-ui
163,6,19,23,jquery,jquery-ui
164,6,20,24,jquery,jquery-ui
165,6,21,28,jquery,jquery-ui
166,6,22,20,jquery,jquery-ui
167,6,23,17,jquery,jquery-ui
