owner,repo,additions,commits,deletions,weekofyear
IanLunn,Hover,0,0,0,1
JakeWharton,ViewPagerIndicator,0,0,0,1
carrierwaveuploader,carrierwave,0,0,0,1
eczarny,spectacle,1937,12,1469,1
inconshreveable,ngrok,0,0,0,1
jquery,jquery-ui,111,14,96,1
jschr,bootstrap-modal,0,0,0,1
lebinh,ngxtop,0,0,0,1
madebymany,sir-trevor-js,0,0,0,1
rendrjs,rendr,0,0,0,1
IanLunn,Hover,0,0,0,2
JakeWharton,ViewPagerIndicator,0,0,0,2
carrierwaveuploader,carrierwave,0,0,0,2
eczarny,spectacle,0,0,0,2
inconshreveable,ngrok,0,0,0,2
jquery,jquery-ui,440,12,546,2
jschr,bootstrap-modal,0,0,0,2
lebinh,ngxtop,0,0,0,2
madebymany,sir-trevor-js,1,1,1,2
rendrjs,rendr,0,0,0,2
IanLunn,Hover,0,0,0,3
JakeWharton,ViewPagerIndicator,0,0,0,3
carrierwaveuploader,carrierwave,0,0,0,3
eczarny,spectacle,0,0,0,3
inconshreveable,ngrok,0,0,0,3
jquery,jquery-ui,58,10,44,3
jschr,bootstrap-modal,0,0,0,3
lebinh,ngxtop,0,0,0,3
madebymany,sir-trevor-js,0,0,0,3
rendrjs,rendr,0,0,0,3
IanLunn,Hover,0,0,0,4
JakeWharton,ViewPagerIndicator,0,0,0,4
carrierwaveuploader,carrierwave,0,0,0,4
eczarny,spectacle,0,0,0,4
inconshreveable,ngrok,0,0,0,4
jquery,jquery-ui,133,9,52,4
jschr,bootstrap-modal,0,0,0,4
lebinh,ngxtop,0,0,0,4
madebymany,sir-trevor-js,0,0,0,4
rendrjs,rendr,0,0,0,4
IanLunn,Hover,0,0,0,5
JakeWharton,ViewPagerIndicator,0,0,0,5
carrierwaveuploader,carrierwave,0,0,0,5
eczarny,spectacle,60,2,65,5
inconshreveable,ngrok,0,0,0,5
jquery,jquery-ui,54,3,69,5
jschr,bootstrap-modal,0,0,0,5
lebinh,ngxtop,0,0,0,5
madebymany,sir-trevor-js,12,3,4,5
rendrjs,rendr,49,1,22,5
IanLunn,Hover,0,0,0,6
JakeWharton,ViewPagerIndicator,0,0,0,6
carrierwaveuploader,carrierwave,0,0,0,6
eczarny,spectacle,0,0,0,6
inconshreveable,ngrok,0,0,0,6
jquery,jquery-ui,296,22,108,6
jschr,bootstrap-modal,0,0,0,6
lebinh,ngxtop,0,0,0,6
madebymany,sir-trevor-js,0,0,0,6
rendrjs,rendr,4,1,4,6
IanLunn,Hover,0,0,0,7
JakeWharton,ViewPagerIndicator,0,0,0,7
carrierwaveuploader,carrierwave,0,0,0,7
eczarny,spectacle,0,0,0,7
inconshreveable,ngrok,0,0,0,7
jquery,jquery-ui,91,2,27,7
jschr,bootstrap-modal,0,0,0,7
lebinh,ngxtop,0,0,0,7
madebymany,sir-trevor-js,2,1,0,7
rendrjs,rendr,0,0,0,7
IanLunn,Hover,0,0,0,8
JakeWharton,ViewPagerIndicator,0,0,0,8
carrierwaveuploader,carrierwave,0,0,0,8
eczarny,spectacle,0,0,0,8
inconshreveable,ngrok,0,0,0,8
jquery,jquery-ui,15,3,8,8
jschr,bootstrap-modal,0,0,0,8
lebinh,ngxtop,0,0,0,8
madebymany,sir-trevor-js,0,0,0,8
rendrjs,rendr,0,0,0,8
IanLunn,Hover,0,0,0,9
JakeWharton,ViewPagerIndicator,0,0,0,9
carrierwaveuploader,carrierwave,23,3,9,9
eczarny,spectacle,0,0,0,9
inconshreveable,ngrok,0,0,0,9
jquery,jquery-ui,0,0,0,9
jschr,bootstrap-modal,0,0,0,9
lebinh,ngxtop,0,0,0,9
madebymany,sir-trevor-js,0,0,0,9
rendrjs,rendr,1,1,1,9
IanLunn,Hover,0,0,0,10
JakeWharton,ViewPagerIndicator,0,0,0,10
carrierwaveuploader,carrierwave,0,0,0,10
eczarny,spectacle,0,0,0,10
inconshreveable,ngrok,0,0,0,10
jquery,jquery-ui,5,2,1,10
jschr,bootstrap-modal,0,0,0,10
lebinh,ngxtop,0,0,0,10
madebymany,sir-trevor-js,658,1,62,10
rendrjs,rendr,0,0,0,10
IanLunn,Hover,0,0,0,11
JakeWharton,ViewPagerIndicator,0,0,0,11
carrierwaveuploader,carrierwave,1,1,0,11
eczarny,spectacle,0,0,0,11
inconshreveable,ngrok,1,1,1,11
jquery,jquery-ui,0,0,0,11
jschr,bootstrap-modal,0,0,0,11
lebinh,ngxtop,0,0,0,11
madebymany,sir-trevor-js,4,2,1,11
rendrjs,rendr,0,0,0,11
IanLunn,Hover,0,0,0,12
JakeWharton,ViewPagerIndicator,0,0,0,12
carrierwaveuploader,carrierwave,0,0,0,12
eczarny,spectacle,0,0,0,12
inconshreveable,ngrok,0,0,0,12
jquery,jquery-ui,1,1,1,12
jschr,bootstrap-modal,0,0,0,12
lebinh,ngxtop,0,0,0,12
madebymany,sir-trevor-js,5480,21,3012,12
rendrjs,rendr,0,0,0,12
IanLunn,Hover,0,0,0,13
JakeWharton,ViewPagerIndicator,0,0,0,13
carrierwaveuploader,carrierwave,160,2,129,13
eczarny,spectacle,0,0,0,13
inconshreveable,ngrok,0,0,0,13
jquery,jquery-ui,0,0,0,13
jschr,bootstrap-modal,0,0,0,13
lebinh,ngxtop,0,0,0,13
madebymany,sir-trevor-js,530,6,249,13
rendrjs,rendr,0,0,0,13
IanLunn,Hover,0,0,0,14
JakeWharton,ViewPagerIndicator,0,0,0,14
carrierwaveuploader,carrierwave,0,0,0,14
eczarny,spectacle,0,0,0,14
inconshreveable,ngrok,0,0,0,14
jquery,jquery-ui,0,0,0,14
jschr,bootstrap-modal,0,0,0,14
lebinh,ngxtop,0,0,0,14
madebymany,sir-trevor-js,499,7,22577,14
rendrjs,rendr,0,0,0,14
IanLunn,Hover,0,0,0,15
JakeWharton,ViewPagerIndicator,0,0,0,15
carrierwaveuploader,carrierwave,1035,21,1347,15
eczarny,spectacle,0,0,0,15
inconshreveable,ngrok,0,0,0,15
jquery,jquery-ui,0,0,0,15
jschr,bootstrap-modal,0,0,0,15
lebinh,ngxtop,0,0,0,15
madebymany,sir-trevor-js,0,0,0,15
rendrjs,rendr,0,0,0,15
IanLunn,Hover,0,0,0,16
JakeWharton,ViewPagerIndicator,0,0,0,16
carrierwaveuploader,carrierwave,458,7,378,16
eczarny,spectacle,0,0,0,16
inconshreveable,ngrok,0,0,0,16
jquery,jquery-ui,0,0,0,16
jschr,bootstrap-modal,0,0,0,16
lebinh,ngxtop,0,0,0,16
madebymany,sir-trevor-js,225,11,432,16
rendrjs,rendr,0,0,0,16
IanLunn,Hover,0,0,0,17
JakeWharton,ViewPagerIndicator,0,0,0,17
carrierwaveuploader,carrierwave,552,3,275,17
eczarny,spectacle,0,0,0,17
inconshreveable,ngrok,0,0,0,17
jquery,jquery-ui,3,1,3,17
jschr,bootstrap-modal,0,0,0,17
lebinh,ngxtop,0,0,0,17
madebymany,sir-trevor-js,0,0,0,17
rendrjs,rendr,0,0,0,17
IanLunn,Hover,0,0,0,18
JakeWharton,ViewPagerIndicator,0,0,0,18
carrierwaveuploader,carrierwave,2,2,597,18
eczarny,spectacle,0,0,0,18
inconshreveable,ngrok,0,0,0,18
jquery,jquery-ui,3,1,2,18
jschr,bootstrap-modal,0,0,0,18
lebinh,ngxtop,0,0,0,18
madebymany,sir-trevor-js,1,1,1,18
rendrjs,rendr,0,0,0,18
IanLunn,Hover,79,1,8,19
JakeWharton,ViewPagerIndicator,0,0,0,19
carrierwaveuploader,carrierwave,61,3,51,19
eczarny,spectacle,230,1,4,19
inconshreveable,ngrok,0,0,0,19
jquery,jquery-ui,0,0,0,19
jschr,bootstrap-modal,0,0,0,19
lebinh,ngxtop,0,0,0,19
madebymany,sir-trevor-js,84,1,10,19
rendrjs,rendr,0,0,0,19
IanLunn,Hover,0,0,0,20
JakeWharton,ViewPagerIndicator,0,0,0,20
carrierwaveuploader,carrierwave,47,2,48,20
eczarny,spectacle,0,0,0,20
inconshreveable,ngrok,1,1,1,20
jquery,jquery-ui,0,0,0,20
jschr,bootstrap-modal,0,0,0,20
lebinh,ngxtop,0,0,0,20
madebymany,sir-trevor-js,10,4,9,20
rendrjs,rendr,0,0,0,20
IanLunn,Hover,0,0,0,21
JakeWharton,ViewPagerIndicator,0,0,0,21
carrierwaveuploader,carrierwave,0,0,0,21
eczarny,spectacle,655,13,815,21
inconshreveable,ngrok,1,1,1,21
jquery,jquery-ui,30,15,41,21
jschr,bootstrap-modal,0,0,0,21
lebinh,ngxtop,0,0,0,21
madebymany,sir-trevor-js,0,0,0,21
rendrjs,rendr,0,0,0,21
IanLunn,Hover,0,0,0,22
JakeWharton,ViewPagerIndicator,0,0,0,22
carrierwaveuploader,carrierwave,0,0,0,22
eczarny,spectacle,498,10,715,22
inconshreveable,ngrok,0,0,0,22
jquery,jquery-ui,23,3,4,22
jschr,bootstrap-modal,0,0,0,22
lebinh,ngxtop,0,0,0,22
madebymany,sir-trevor-js,44,3,12,22
rendrjs,rendr,0,0,0,22
IanLunn,Hover,0,0,0,23
JakeWharton,ViewPagerIndicator,0,0,0,23
carrierwaveuploader,carrierwave,0,0,0,23
eczarny,spectacle,352,5,62,23
inconshreveable,ngrok,0,0,0,23
jquery,jquery-ui,0,0,0,23
jschr,bootstrap-modal,0,0,0,23
lebinh,ngxtop,0,0,0,23
madebymany,sir-trevor-js,73,6,52,23
rendrjs,rendr,0,0,0,23
IanLunn,Hover,0,0,0,24
JakeWharton,ViewPagerIndicator,0,0,0,24
carrierwaveuploader,carrierwave,0,0,0,24
eczarny,spectacle,0,0,0,24
inconshreveable,ngrok,0,0,0,24
jquery,jquery-ui,4,1,4,24
jschr,bootstrap-modal,0,0,0,24
lebinh,ngxtop,0,0,0,24
madebymany,sir-trevor-js,33,5,15,24
rendrjs,rendr,0,0,0,24
IanLunn,Hover,0,0,0,25
JakeWharton,ViewPagerIndicator,0,0,0,25
carrierwaveuploader,carrierwave,0,0,0,25
eczarny,spectacle,0,0,0,25
inconshreveable,ngrok,20,1,9,25
jquery,jquery-ui,38,1,8,25
jschr,bootstrap-modal,0,0,0,25
lebinh,ngxtop,0,0,0,25
madebymany,sir-trevor-js,14,7,12,25
rendrjs,rendr,25,2,5,25
IanLunn,Hover,0,0,0,26
JakeWharton,ViewPagerIndicator,0,0,0,26
carrierwaveuploader,carrierwave,0,0,0,26
eczarny,spectacle,0,0,0,26
inconshreveable,ngrok,0,0,0,26
jquery,jquery-ui,2,1,0,26
jschr,bootstrap-modal,0,0,0,26
lebinh,ngxtop,0,0,0,26
madebymany,sir-trevor-js,0,0,0,26
rendrjs,rendr,0,0,0,26
IanLunn,Hover,0,0,0,27
JakeWharton,ViewPagerIndicator,0,0,0,27
carrierwaveuploader,carrierwave,641,2,518,27
eczarny,spectacle,0,0,0,27
inconshreveable,ngrok,5,1,1,27
jquery,jquery-ui,3,1,1,27
jschr,bootstrap-modal,0,0,0,27
lebinh,ngxtop,0,0,0,27
madebymany,sir-trevor-js,0,0,0,27
rendrjs,rendr,0,0,0,27
IanLunn,Hover,0,0,0,28
JakeWharton,ViewPagerIndicator,0,0,0,28
carrierwaveuploader,carrierwave,129,1,116,28
eczarny,spectacle,0,0,0,28
inconshreveable,ngrok,0,0,0,28
jquery,jquery-ui,989,33,328,28
jschr,bootstrap-modal,0,0,0,28
lebinh,ngxtop,0,0,0,28
madebymany,sir-trevor-js,0,0,0,28
rendrjs,rendr,0,0,0,28
IanLunn,Hover,0,0,0,29
JakeWharton,ViewPagerIndicator,0,0,0,29
carrierwaveuploader,carrierwave,460,6,462,29
eczarny,spectacle,0,0,0,29
inconshreveable,ngrok,0,1,2,29
jquery,jquery-ui,5945,27,5715,29
jschr,bootstrap-modal,0,0,0,29
lebinh,ngxtop,0,0,0,29
madebymany,sir-trevor-js,9,1,2,29
rendrjs,rendr,0,0,0,29
IanLunn,Hover,0,0,0,30
JakeWharton,ViewPagerIndicator,0,0,0,30
carrierwaveuploader,carrierwave,173,8,195,30
eczarny,spectacle,1,1,1,30
inconshreveable,ngrok,0,0,0,30
jquery,jquery-ui,12,3,23,30
jschr,bootstrap-modal,0,0,0,30
lebinh,ngxtop,0,0,0,30
madebymany,sir-trevor-js,539,1,15563,30
rendrjs,rendr,0,0,0,30
IanLunn,Hover,0,0,0,31
JakeWharton,ViewPagerIndicator,0,0,0,31
carrierwaveuploader,carrierwave,441,6,383,31
eczarny,spectacle,1325,18,1879,31
inconshreveable,ngrok,0,0,0,31
jquery,jquery-ui,33,2,9,31
jschr,bootstrap-modal,0,0,0,31
lebinh,ngxtop,0,0,0,31
madebymany,sir-trevor-js,61,3,3,31
rendrjs,rendr,0,0,0,31
IanLunn,Hover,0,0,0,32
JakeWharton,ViewPagerIndicator,0,0,0,32
carrierwaveuploader,carrierwave,49,2,46,32
eczarny,spectacle,1952,10,1482,32
inconshreveable,ngrok,0,0,0,32
jquery,jquery-ui,0,0,0,32
jschr,bootstrap-modal,0,0,0,32
lebinh,ngxtop,0,0,0,32
madebymany,sir-trevor-js,107,3,106,32
rendrjs,rendr,0,0,0,32
IanLunn,Hover,0,0,0,33
JakeWharton,ViewPagerIndicator,0,0,0,33
carrierwaveuploader,carrierwave,95,1,106,33
eczarny,spectacle,340,13,200,33
inconshreveable,ngrok,0,0,0,33
jquery,jquery-ui,1,1,1,33
jschr,bootstrap-modal,0,0,0,33
lebinh,ngxtop,0,0,0,33
madebymany,sir-trevor-js,0,0,0,33
rendrjs,rendr,0,0,0,33
IanLunn,Hover,0,0,0,34
JakeWharton,ViewPagerIndicator,0,0,0,34
carrierwaveuploader,carrierwave,45,3,3,34
eczarny,spectacle,0,0,0,34
inconshreveable,ngrok,0,0,0,34
jquery,jquery-ui,148,3,36,34
jschr,bootstrap-modal,0,0,0,34
lebinh,ngxtop,0,0,0,34
madebymany,sir-trevor-js,0,0,0,34
rendrjs,rendr,0,0,0,34
IanLunn,Hover,0,0,0,35
JakeWharton,ViewPagerIndicator,0,0,0,35
carrierwaveuploader,carrierwave,2,1,9,35
eczarny,spectacle,0,0,0,35
inconshreveable,ngrok,0,0,0,35
jquery,jquery-ui,80,1,3,35
jschr,bootstrap-modal,0,0,0,35
lebinh,ngxtop,0,0,0,35
madebymany,sir-trevor-js,0,0,0,35
rendrjs,rendr,37,2,1,35
IanLunn,Hover,0,0,0,36
JakeWharton,ViewPagerIndicator,0,0,0,36
carrierwaveuploader,carrierwave,0,0,0,36
eczarny,spectacle,0,0,0,36
inconshreveable,ngrok,0,0,0,36
jquery,jquery-ui,113958,8,25,36
jschr,bootstrap-modal,0,0,0,36
lebinh,ngxtop,0,0,0,36
madebymany,sir-trevor-js,0,0,0,36
rendrjs,rendr,0,0,0,36
IanLunn,Hover,0,0,0,37
JakeWharton,ViewPagerIndicator,0,0,0,37
carrierwaveuploader,carrierwave,0,0,0,37
eczarny,spectacle,0,0,0,37
inconshreveable,ngrok,1,1,1,37
jquery,jquery-ui,12,1,9,37
jschr,bootstrap-modal,0,0,0,37
lebinh,ngxtop,0,0,0,37
madebymany,sir-trevor-js,0,0,0,37
rendrjs,rendr,0,0,0,37
IanLunn,Hover,0,0,0,38
JakeWharton,ViewPagerIndicator,0,0,0,38
carrierwaveuploader,carrierwave,0,0,0,38
eczarny,spectacle,0,0,0,38
inconshreveable,ngrok,0,0,0,38
jquery,jquery-ui,5,1,5,38
jschr,bootstrap-modal,0,0,0,38
lebinh,ngxtop,0,0,0,38
madebymany,sir-trevor-js,0,0,0,38
rendrjs,rendr,0,0,0,38
IanLunn,Hover,0,0,0,39
JakeWharton,ViewPagerIndicator,0,0,0,39
carrierwaveuploader,carrierwave,0,0,0,39
eczarny,spectacle,0,0,0,39
inconshreveable,ngrok,0,0,0,39
jquery,jquery-ui,69,1,4,39
jschr,bootstrap-modal,0,0,0,39
lebinh,ngxtop,0,0,0,39
madebymany,sir-trevor-js,72,7,27,39
rendrjs,rendr,0,0,0,39
IanLunn,Hover,0,0,0,40
JakeWharton,ViewPagerIndicator,0,0,0,40
carrierwaveuploader,carrierwave,0,0,0,40
eczarny,spectacle,0,0,0,40
inconshreveable,ngrok,0,0,0,40
jquery,jquery-ui,0,0,0,40
jschr,bootstrap-modal,0,0,0,40
lebinh,ngxtop,0,0,0,40
madebymany,sir-trevor-js,25,2,9,40
rendrjs,rendr,0,0,0,40
IanLunn,Hover,0,0,0,41
JakeWharton,ViewPagerIndicator,0,0,0,41
carrierwaveuploader,carrierwave,0,0,0,41
eczarny,spectacle,0,0,0,41
inconshreveable,ngrok,0,0,0,41
jquery,jquery-ui,5,1,5,41
jschr,bootstrap-modal,0,0,0,41
lebinh,ngxtop,0,0,0,41
madebymany,sir-trevor-js,1897,3,1981,41
rendrjs,rendr,0,0,0,41
IanLunn,Hover,0,0,0,42
JakeWharton,ViewPagerIndicator,0,0,0,42
carrierwaveuploader,carrierwave,0,0,0,42
eczarny,spectacle,0,0,0,42
inconshreveable,ngrok,0,0,0,42
jquery,jquery-ui,22898,9,2002,42
jschr,bootstrap-modal,0,0,0,42
lebinh,ngxtop,0,0,0,42
madebymany,sir-trevor-js,195,10,49,42
rendrjs,rendr,0,0,0,42
IanLunn,Hover,0,0,0,43
JakeWharton,ViewPagerIndicator,0,0,0,43
carrierwaveuploader,carrierwave,0,0,0,43
eczarny,spectacle,6,1,6,43
inconshreveable,ngrok,0,0,0,43
jquery,jquery-ui,12,2,2,43
jschr,bootstrap-modal,0,0,0,43
lebinh,ngxtop,0,0,0,43
madebymany,sir-trevor-js,308,9,946,43
rendrjs,rendr,0,0,0,43
IanLunn,Hover,0,0,0,44
JakeWharton,ViewPagerIndicator,0,0,0,44
carrierwaveuploader,carrierwave,0,0,0,44
eczarny,spectacle,0,0,0,44
inconshreveable,ngrok,0,0,0,44
jquery,jquery-ui,0,0,0,44
jschr,bootstrap-modal,0,0,0,44
lebinh,ngxtop,0,0,0,44
madebymany,sir-trevor-js,7,3,5,44
rendrjs,rendr,0,0,0,44
IanLunn,Hover,0,0,0,45
JakeWharton,ViewPagerIndicator,0,0,0,45
carrierwaveuploader,carrierwave,0,0,0,45
eczarny,spectacle,0,0,0,45
inconshreveable,ngrok,0,0,0,45
jquery,jquery-ui,44,2,4,45
jschr,bootstrap-modal,0,0,0,45
lebinh,ngxtop,0,0,0,45
madebymany,sir-trevor-js,79,2,16,45
rendrjs,rendr,0,0,0,45
IanLunn,Hover,0,0,0,46
JakeWharton,ViewPagerIndicator,0,0,0,46
carrierwaveuploader,carrierwave,0,0,0,46
eczarny,spectacle,4,1,3,46
inconshreveable,ngrok,0,0,0,46
jquery,jquery-ui,36,1,27,46
jschr,bootstrap-modal,0,0,0,46
lebinh,ngxtop,0,0,0,46
madebymany,sir-trevor-js,2,1,3,46
rendrjs,rendr,0,0,0,46
IanLunn,Hover,0,0,0,47
JakeWharton,ViewPagerIndicator,0,0,0,47
carrierwaveuploader,carrierwave,33,4,15,47
eczarny,spectacle,0,0,0,47
inconshreveable,ngrok,0,0,0,47
jquery,jquery-ui,0,0,0,47
jschr,bootstrap-modal,0,0,0,47
lebinh,ngxtop,0,0,0,47
madebymany,sir-trevor-js,0,0,0,47
rendrjs,rendr,0,0,0,47
IanLunn,Hover,0,0,0,48
JakeWharton,ViewPagerIndicator,0,0,0,48
carrierwaveuploader,carrierwave,0,0,0,48
eczarny,spectacle,0,0,0,48
inconshreveable,ngrok,0,0,0,48
jquery,jquery-ui,39,2,26,48
jschr,bootstrap-modal,0,0,0,48
lebinh,ngxtop,0,0,0,48
madebymany,sir-trevor-js,0,0,0,48
rendrjs,rendr,0,0,0,48
IanLunn,Hover,0,0,0,49
JakeWharton,ViewPagerIndicator,0,0,0,49
carrierwaveuploader,carrierwave,0,0,0,49
eczarny,spectacle,95,4,108,49
inconshreveable,ngrok,0,0,0,49
jquery,jquery-ui,0,0,0,49
jschr,bootstrap-modal,0,0,0,49
lebinh,ngxtop,0,0,0,49
madebymany,sir-trevor-js,0,0,0,49
rendrjs,rendr,0,0,0,49
IanLunn,Hover,0,0,0,50
JakeWharton,ViewPagerIndicator,0,0,0,50
carrierwaveuploader,carrierwave,0,0,0,50
eczarny,spectacle,1040,7,697,50
inconshreveable,ngrok,0,0,0,50
jquery,jquery-ui,98,9,64,50
jschr,bootstrap-modal,0,0,0,50
lebinh,ngxtop,0,0,0,50
madebymany,sir-trevor-js,0,0,0,50
rendrjs,rendr,0,0,0,50
IanLunn,Hover,0,0,0,51
JakeWharton,ViewPagerIndicator,0,0,0,51
carrierwaveuploader,carrierwave,19,2,12,51
eczarny,spectacle,1619,34,1216,51
inconshreveable,ngrok,0,0,0,51
jquery,jquery-ui,11,2,0,51
jschr,bootstrap-modal,0,0,0,51
lebinh,ngxtop,0,0,0,51
madebymany,sir-trevor-js,0,0,0,51
rendrjs,rendr,0,0,0,51
IanLunn,Hover,0,0,0,52
JakeWharton,ViewPagerIndicator,0,0,0,52
carrierwaveuploader,carrierwave,0,0,0,52
eczarny,spectacle,1,1,1,52
inconshreveable,ngrok,0,0,0,52
jquery,jquery-ui,54,5,9,52
jschr,bootstrap-modal,0,0,0,52
lebinh,ngxtop,0,0,0,52
madebymany,sir-trevor-js,0,0,0,52
rendrjs,rendr,0,0,0,52
